1.16874e-05,-1.98782e-06,2.26395e-05,,4.8e-05,8.8e-05,0.000128,,4e-05,8e-06
1.14894e-05,-2.07983e-06,2.28063e-05,,5.85815e-05,7.8191e-05,0.000119073,,4e-05,-5.8e-06
1.12829e-05,-2.17639e-06,2.29758e-05,,6.12483e-05,9.66042e-05,0.000136512,,4e-05,6.4e-06
1.1068e-05,-2.27749e-06,2.31479e-05,,2.86365e-05,6.41884e-05,0.000139256,,4e-05,-3.2e-06
1.08448e-05,-2.38314e-06,2.33224e-05,,4.24445e-05,6.50946e-05,0.00013278,,4e-05,9.4e-06
1.06137e-05,-2.4933e-06,2.34992e-05,,4.29753e-05,7.89756e-05,0.000136922,,4e-05,2.8e-06
1.03746e-05,-2.60794e-06,2.36783e-05,,2.76357e-05,8.36939e-05,0.000138511,,4e-05,-3e-06
1.01279e-05,-2.72701e-06,2.38594e-05,,2.35696e-05,7.79868e-05,0.000126733,,4e-05,4.4e-06
9.87373e-06,-2.85044e-06,2.40424e-05,,3.17902e-05,8.62528e-05,0.000138803,,4e-05,2.2e-06
9.61223e-06,-2.97816e-06,2.42273e-05,,5.57545e-05,7.75547e-05,0.000136023,,4e-05,-3.4e-06
9.34363e-06,-3.11008e-06,2.44139e-05,,5.90817e-05,9.3802e-05,0.000120758,,4e-05,-4e-07
9.06815e-06,-3.2461e-06,2.46022e-05,,3.96468e-05,8.00262e-05,0.000134397,,4e-05,-5.6e-06
8.78598e-06,-3.38611e-06,2.47919e-05,,4.22846e-05,6.56207e-05,0.00014288,,4e-05,5.8e-06
8.49733e-06,-3.52999e-06,2.49831e-05,,5.4085e-05,6.64736e-05,0.000126955,,4e-05,4.4e-06
8.20243e-06,-3.67761e-06,2.51755e-05,,4.93272e-05,9.05945e-05,0.000150019,,4e-05,7.2e-06
7.9015e-06,-3.82884e-06,2.53692e-05,,1.87696e-05,7.30185e-05,0.000133229,,4e-05,-6e-07
7.59473e-06,-3.98353e-06,2.55639e-05,,1.07461e-05,6.25289e-05,0.000118756,,4e-05,-4.2e-06
7.28236e-06,-4.14154e-06,2.57596e-05,,3.14077e-05,7.63019e-05,0.000137367,,4e-05,-7.6e-06
6.9646e-06,-4.30272e-06,2.59563e-05,,6.66289e-05,9.3284e-05,0.000138026,,4e-05,7.8e-06
6.64169e-06,-4.4669e-06,2.61537e-05,,3.59364e-05,9.01069e-05,0.000117242,,4e-05,-8.6e-06
6.31382e-06,-4.63391e-06,2.63519e-05,,4.65284e-05,8.25406e-05,0.000152878,,4e-05,6.4e-06
5.98124e-06,-4.80361e-06,2.65508e-05,,4.43012e-05,5.32163e-05,0.000120904,,4e-05,-6.4e-06
5.64416e-06,-4.97582e-06,2.67502e-05,,6.98758e-05,8.31477e-05,0.000136757,,4e-05,8.2e-06
5.30279e-06,-5.15036e-06,2.69501e-05,,2.50316e-05,7.47875e-05,0.00013893,,4e-05,-8e-06
4.95736e-06,-5.32707e-06,2.71505e-05,,3.34884e-06,4.79234e-05,0.000114506,,4e-05,-9.2e-06
4.60808e-06,-5.50578e-06,2.73511e-05,,2.82242e-05,6.98309e-05,0.000136135,,4e-05,4e-06
4.25518e-06,-5.68631e-06,2.7552e-05,,4.99899e-05,8.67483e-05,0.00014809,,4e-05,1.8e-06
3.89887e-06,-5.8685e-06,2.77531e-05,,5.14693e-05,9.6007e-05,0.000128528,,4e-05,6.8e-06
3.53938e-06,-6.05219e-06,2.79544e-05,,3.60414e-05,0.000101885,0.000143777,,4e-05,7.4e-06
3.1769e-06,-6.23719e-06,2.81556e-05,,5.68759e-05,7.57988e-05,0.000153942,,4e-05,9.4e-06
2.81167e-06,-6.42335e-06,2.83569e-05,,7.45276e-05,7.83203e-05,0.000127965,,4e-05,8e-06
2.4439e-06,-6.6105e-06,2.8558e-05,,6.52076e-05,9.45818e-05,0.000146898,,4e-05,6.6e-06
2.07381e-06,-6.7985e-06,2.87591e-05,,1.78147e-05,6.90356e-05,0.000139916,,4e-05,-1.8e-06
1.7016e-06,-6.98718e-06,2.89599e-05,,1.90473e-05,4.21897e-05,0.000117319,,4e-05,-2.2e-06
1.32749e-06,-7.17639e-06,2.91604e-05,,4.29195e-05,7.47587e-05,0.000146123,,4e-05,1.8e-06
9.51698e-07,-7.36597e-06,2.93605e-05,,3.68376e-05,7.75051e-05,0.000130566,,4e-05,-7.6e-06
5.74435e-07,-7.5558e-06,2.95603e-05,,2.69374e-05,9.24303e-05,0.000125651,,4e-05,5.4e-06
1.95915e-07,-7.74572e-06,2.97596e-05,,2.85787e-05,8.37578e-05,0.000149451,,4e-05,1.8e-06
-1.83649e-07,-7.93561e-06,2.99584e-05,,7.09206e-05,7.21152e-05,0.000140607,,4e-05,6.6e-06
-5.64045e-07,-8.12533e-06,3.01565e-05,,6.67673e-05,8.82277e-05,0.000120349,,4e-05,-1.8e-06
-9.45058e-07,-8.31475e-06,3.0354e-05,,3.58769e-05,8.45507e-05,0.000144926,,4e-05,-5.2e-06
-1.32648e-06,-8.50375e-06,3.05509e-05,,1.50644e-05,4.74601e-05,0.000126264,,4e-05,-3.4e-06
-1.7081e-06,-8.69222e-06,3.07469e-05,,5.29775e-05,5.36122e-05,0.000132439,,4e-05,7.4e-06
-2.0897e-06,-8.88003e-06,3.09422e-05,,5.59786e-05,9.29187e-05,0.000159244,,4e-05,7.8e-06
-2.47108e-06,-9.06709e-06,3.11365e-05,,2.85579e-05,8.14127e-05,0.000129261,,4e-05,3.8e-06
-2.85202e-06,-9.25329e-06,3.133e-05,,1.67519e-05,8.50993e-05,0.000138051,,4e-05,8.8e-06
-3.23232e-06,-9.43853e-06,3.15225e-05,,4.57092e-05,7.2016e-05,0.000152649,,4e-05,1.2e-06
-3.61178e-06,-9.6227e-06,3.1714e-05,,7.3035e-05,8.00585e-05,0.000122665,,4e-05,6e-07
-3.99019e-06,-9.80573e-06,3.19044e-05,,4.74102e-05,0.000102739,0.000131568,,4e-05,-2.2e-06
-4.36735e-06,-9.98753e-06,3.20937e-05,,2.11457e-05,6.75491e-05,0.00014407,,4e-05,-6e-06
-4.74305e-06,-1.0168e-05,3.22819e-05,,4.02018e-05,3.93865e-05,0.000119458,,4e-05,6e-07
-5.11712e-06,-1.03471e-05,3.24689e-05,,6.63294e-05,6.69475e-05,0.000138668,,4e-05,-2e-07
-5.48935e-06,-1.05247e-05,3.26548e-05,,2.88948e-05,8.46397e-05,0.000143211,,4e-05,-4.2e-06
-5.85957e-06,-1.07008e-05,3.28394e-05,,1.55552e-05,6.75911e-05,0.000127016,,4e-05,9.2e-06
-6.22758e-06,-1.08753e-05,3.30228e-05,,2.19786e-05,6.82028e-05,0.000146741,,4e-05,2.6e-06
-6.59323e-06,-1.10481e-05,3.3205e-05,,5.76981e-05,6.5186e-05,0.00013626,,4e-05,-7.4e-06
-6.95633e-06,-1.12192e-05,3.33859e-05,,5.83186e-05,0.000102099,0.000120365,,4e-05,3.4e-06
-7.31674e-06,-1.13885e-05,3.35655e-05,,2.58206e-05,9.92025e-05,0.000148823,,4e-05,4e-07
-7.67429e-06,-1.15561e-05,3.37439e-05,,3.71035e-05,5.2008e-05,0.000139444,,4e-05,6e-07
-8.02884e-06,-1.17217e-05,3.3921e-05,,6.57856e-05,4.85485e-05,0.000115151,,4e-05,-3.2e-06
-8.38026e-06,-1.18855e-05,3.40969e-05,,5.64108e-05,8.7459e-05,0.000147464,,4e-05,-5e-06
-8.72842e-06,-1.20473e-05,3.42716e-05,,6.45327e-06,6.86319e-05,0.00013247,,4e-05,-1.8e-06
-9.07321e-06,-1.22071e-05,3.4445e-05,,6.31417e-06,3.22694e-05,0.000114678,,4e-05,-6.4e-06
-9.41452e-06,-1.2365e-05,3.46174e-05,,4.70482e-05,6.9374e-05,0.000155674,,4e-05,8e-07
-9.75227e-06,-1.25208e-05,3.47886e-05,,5.45923e-05,7.63661e-05,0.000120923,,4e-05,-7.6e-06
-1.00864e-05,-1.26746e-05,3.49587e-05,,2.02508e-05,0.000103004,0.000124232,,4e-05,0
-1.04168e-05,-1.28263e-05,3.51278e-05,,2.66396e-05,7.6838e-05,0.000158976,,4e-05,3e-06
-1.07434e-05,-1.2976e-05,3.52959e-05,,6.78114e-05,5.16715e-05,0.000127661,,4e-05,3.4e-06
-1.10662e-05,-1.31236e-05,3.54631e-05,,6.73e-05,7.52319e-05,0.000120248,,4e-05,-1e-05
-1.13852e-05,-1.32691e-05,3.56294e-05,,4.19236e-05,0.000105365,0.000165274,,4e-05,9.8e-06
-1.17004e-05,-1.34126e-05,3.5795e-05,,6.69251e-06,3.97986e-05,0.000123033,,4e-05,2.8e-06
-1.20118e-05,-1.3554e-05,3.59599e-05,,4.17272e-05,3.76047e-05,0.000132391,,4e-05,-2.4e-06
-1.23193e-05,-1.36933e-05,3.61241e-05,,6.71237e-05,9.30691e-05,0.000162576,,4e-05,9.2e-06
-1.2623e-05,-1.38306e-05,3.62877e-05,,3.98048e-05,9.455e-05,0.000125188,,4e-05,8.6e-06
-1.29231e-05,-1.39659e-05,3.64509e-05,,8.76931e-06,9.30208e-05,0.000149597,,4e-05,8e-06
-1.32194e-05,-1.40992e-05,3.66136e-05,,5.4188e-05,5.73704e-05,0.000152816,,4e-05,2.8e-06
-1.35122e-05,-1.42306e-05,3.67761e-05,,7.38005e-05,6.80276e-05,0.000110072,,4e-05,-6.2e-06
-1.38015e-05,-1.436e-05,3.69383e-05,,5.37996e-05,0.000110095,0.000147797,,4e-05,6e-07
-1.40874e-05,-1.44875e-05,3.71003e-05,,1.6278e-05,7.35598e-05,0.000151441,,4e-05,6.2e-06
-1.43701e-05,-1.46131e-05,3.72623e-05,,4.12779e-05,2.59055e-05,0.000121742,,4e-05,7.2e-06
-1.46496e-05,-1.4737e-05,3.74242e-05,,7.10307e-05,6.95501e-05,0.000153319,,4e-05,1.2e-06
-1.49261e-05,-1.4859e-05,3.75862e-05,,2.9055e-05,8.16454e-05,0.00013222,,4e-05,-7.6e-06
-1.51998e-05,-1.49794e-05,3.77483e-05,,-6.61065e-07,6.54207e-05,0.000115802,,4e-05,-1.8e-06
-1.54708e-05,-1.5098e-05,3.79106e-05,,1.0242e-05,5.48869e-05,0.000148446,,4e-05,-8.2e-06
-1.57393e-05,-1.52151e-05,3.80731e-05,,8.71984e-05,6.89001e-05,0.000141425,,4e-05,6.8e-06
-1.60055e-05,-1.53305e-05,3.82359e-05,,6.63006e-05,0.000114305,0.000126517,,4e-05,6.8e-06
-1.62695e-05,-1.54444e-05,3.8399e-05,,1.45385e-05,9.14104e-05,0.000151551,,4e-05,-7.4e-06
-1.65316e-05,-1.55569e-05,3.85625e-05,,2.31745e-05,3.29334e-05,0.000127364,,4e-05,-4e-07
-1.67919e-05,-1.5668e-05,3.87263e-05,,7.64269e-05,4.10488e-05,0.000126218,,4e-05,1.8e-06
-1.70508e-05,-1.57777e-05,3.88905e-05,,5.11011e-05,9.02567e-05,0.000151793,,4e-05,-8.2e-06
-1.73082e-05,-1.58861e-05,3.9055e-05,,9.5927e-06,7.23333e-05,0.000130659,,4e-05,6.6e-06
-1.75645e-05,-1.59933e-05,3.92199e-05,,7.59012e-06,4.56918e-05,0.000133167,,4e-05,2.2e-06
-1.78199e-05,-1.60993e-05,3.93851e-05,,5.84634e-05,6.40178e-05,0.000161732,,4e-05,2.6e-06
-1.80745e-05,-1.62042e-05,3.95506e-05,,7.35631e-05,8.65439e-05,0.000117461,,4e-05,-1e-06
-1.83285e-05,-1.63079e-05,3.97163e-05,,2.0538e-05,0.00011728,0.000138567,,4e-05,2.6e-06
-1.85823e-05,-1.64107e-05,3.98822e-05,,2.06078e-05,6.24257e-05,0.000156344,,4e-05,-2e-07
-1.88358e-05,-1.65125e-05,4.00481e-05,,6.66283e-05,3.50698e-05,0.000119799,,4e-05,4e-06
-1.90893e-05,-1.66133e-05,4.0214e-05,,8.96417e-05,8.97915e-05,0.000149005,,4e-05,4.6e-06
-1.9343e-05,-1.67132e-05,4.03798e-05,,2.556e-05,0.000101192,0.000158476,,4e-05,5.8e-06
-1.9597e-05,-1.68122e-05,4.05453e-05,,-3.31751e-06,2.52946e-05,0.000114199,,4e-05,-6e-07
-1.98515e-05,-1.69104e-05,4.07105e-05,,4.12234e-05,4.25536e-05,0.000149145,,4e-05,-6e-07
-2.01066e-05,-1.70078e-05,4.08751e-05,,6.87318e-05,7.67836e-05,0.000144581,,4e-05,-2.4e-06
-2.03624e-05,-1.71044e-05,4.1039e-05,,3.44084e-05,0.000102172,0.000115373,,4e-05,2.2e-06
-2.06191e-05,-1.72002e-05,4.1202e-05,,2.1391e-06,9.21279e-05,0.000160114,,4e-05,4.2e-06
-2.08768e-05,-1.72952e-05,4.1364e-05,,6.30292e-05,4.64935e-05,0.000148905,,4e-05,7.4e-06
-2.11355e-05,-1.73894e-05,4.15246e-05,,7.85427e-05,6.20021e-05,0.000110352,,4e-05,-7e-06
-2.13953e-05,-1.74828e-05,4.16839e-05,,6.1887e-05,0.000121926,0.000168672,,4e-05,8.2e-06
-2.16562e-05,-1.75754e-05,4.18414e-05,,-1.72431e-06,5.89359e-05,0.000139819,,4e-05,4.8e-06
-2.19184e-05,-1.76673e-05,4.1997e-05,,3.21548e-05,6.22158e-06,0.000116672,,4e-05,-1.8e-06
-2.21818e-05,-1.77582e-05,4.21504e-05,,7.85309e-05,8.00933e-05,0.000170906,,4e-05,8e-06
-2.24465e-05,-1.78483e-05,4.23015e-05,,3.5469e-05,7.96231e-05,0.00011939,,4e-05,-8.6e-06
-2.27125e-05,-1.79375e-05,4.24499e-05,,1.4102e-06,9.05318e-05,0.000133893,,4e-05,8.4e-06
-2.29796e-05,-1.80257e-05,4.25954e-05,,2.9859e-05,6.15186e-05,0.000170074,,4e-05,6.2e-06
-2.3248e-05,-1.81128e-05,4.27378e-05,,9.85503e-05,6.40574e-05,0.000133355,,4e-05,9.2e-06
-2.35176e-05,-1.81989e-05,4.28768e-05,,6.67451e-05,0.000115955,0.000133714,,4e-05,2.6e-06
-2.37883e-05,-1.82839e-05,4.30121e-05,,1.44213e-05,9.55669e-05,0.000162648,,4e-05,0
-2.40601e-05,-1.83676e-05,4.31435e-05,,2.12543e-05,1.97156e-05,0.000125036,,4e-05,8e-06
-2.43328e-05,-1.845e-05,4.32707e-05,,7.36859e-05,2.97545e-05,0.000130931,,4e-05,-6.8e-06
-2.46064e-05,-1.8531e-05,4.33934e-05,,5.85628e-05,0.000102377,0.000161966,,4e-05,2.4e-06
-2.48808e-05,-1.86106e-05,4.35115e-05,,5.36414e-06,6.89279e-05,0.000119156,,4e-05,3.2e-06
-2.51559e-05,-1.86886e-05,4.36246e-05,,4.70046e-06,5.95846e-05,0.000153876,,4e-05,7.2e-06
-2.54316e-05,-1.87649e-05,4.37325e-05,,7.44351e-05,5.45941e-05,0.000158994,,4e-05,4e-06
-2.57077e-05,-1.88394e-05,4.38351e-05,,7.63084e-05,9.11937e-05,0.000109332,,4e-05,-3.6e-06
-2.59841e-05,-1.8912e-05,4.39319e-05,,2.54559e-05,0.000127722,0.000158868,,4e-05,7e-06
-2.62607e-05,-1.89826e-05,4.4023e-05,,2.64919e-06,3.87555e-05,0.000138894,,4e-05,-9.6e-06
-2.65373e-05,-1.90512e-05,4.41079e-05,,6.20849e-05,1.18644e-05,0.000111538,,4e-05,-1.4e-06
-2.68138e-05,-1.91174e-05,4.41866e-05,,8.85856e-05,9.03106e-05,0.00015916,,4e-05,0
-2.70899e-05,-1.91814e-05,4.42588e-05,,3.73939e-06,8.2684e-05,0.000136501,,4e-05,-6.4e-06
-2.73657e-05,-1.92428e-05,4.43243e-05,,-5.04892e-06,2.70006e-05,0.000117782,,4e-05,1.2e-06
-2.76408e-05,-1.93017e-05,4.43831e-05,,4.59226e-05,5.04166e-05,0.000168058,,4e-05,5e-06
-2.79152e-05,-1.93579e-05,4.44349e-05,,8.41907e-05,7.15287e-05,0.000131489,,4e-05,-3.2e-06
-2.81886e-05,-1.94112e-05,4.44795e-05,,2.9442e-05,0.000116797,0.00011805,,4e-05,4e-07
-2.84609e-05,-1.94616e-05,4.4517e-05,,-4.01478e-06,8.12655e-05,0.000162531,,4e-05,-3e-06
-2.87319e-05,-1.9509e-05,4.45472e-05,,4.81516e-05,1.80839e-05,0.000124577,,4e-05,-4e-06
-2.90015e-05,-1.95532e-05,4.45699e-05,,8.71503e-05,5.78169e-05,0.000120774,,4e-05,-5.6e-06
-2.92693e-05,-1.95941e-05,4.45852e-05,,4.12274e-05,0.000110925,0.00015937,,4e-05,-6.6e-06
-2.95354e-05,-1.96316e-05,4.45928e-05,,-1.0366e-05,4.54597e-05,0.000129986,,4e-05,6.6e-06
-2.97994e-05,-1.96656e-05,4.45929e-05,,3.79858e-05,1.49576e-05,0.000134872,,4e-05,4.6e-06
-3.00613e-05,-1.9696e-05,4.45853e-05,,7.65026e-05,7.21803e-05,0.00016591,,4e-05,1.8e-06
-3.03207e-05,-1.97228e-05,4.457e-05,,4.95379e-05,8.97272e-05,0.000112402,,4e-05,-3.8e-06
-3.05776e-05,-1.97458e-05,4.45471e-05,,-6.37151e-06,0.000104064,0.000146965,,4e-05,7.8e-06
-3.08318e-05,-1.97649e-05,4.45165e-05,,3.07771e-05,4.2975e-05,0.000160396,,4e-05,0
-3.1083e-05,-1.97801e-05,4.44784e-05,,9.9351e-05,5.67084e-05,0.000125973,,4e-05,9.8e-06
-3.1331e-05,-1.97913e-05,4.44326e-05,,6.73446e-05,0.00011398,0.000144316,,4e-05,-2.4e-06
-3.15757e-05,-1.97985e-05,4.43793e-05,,5.51424e-06,9.33134e-05,0.000159361,,4e-05,4.4e-06
-3.18169e-05,-1.98016e-05,4.43186e-05,,1.32922e-05,-1.31722e-06,0.00011491,,4e-05,3.8e-06
-3.20543e-05,-1.98005e-05,4.42505e-05,,8.93765e-05,5.09873e-05,0.000160459,,4e-05,8.2e-06
-3.22877e-05,-1.97952e-05,4.41752e-05,,6.12178e-05,9.70558e-05,0.000149851,,4e-05,1.6e-06
-3.2517e-05,-1.97856e-05,4.40927e-05,,-2.72974e-06,7.15933e-05,0.00010763,,4e-05,-6.2e-06
-3.2742e-05,-1.97718e-05,4.40032e-05,,-1.21452e-06,6.11605e-05,0.00016351,,4e-05,4e-06
-3.29623e-05,-1.97538e-05,4.39069e-05,,9.05881e-05,4.86334e-05,0.000151135,,4e-05,8.8e-06
-3.31778e-05,-1.97315e-05,4.38039e-05,,6.98712e-05,8.99981e-05,0.000106077,,4e-05,-9e-06
-3.33884e-05,-1.97048e-05,4.36943e-05,,1.24596e-05,0.00011357,0.000154293,,4e-05,-8e-06
-3.35936e-05,-1.96739e-05,4.35783e-05,,-1.76158e-06,3.16224e-05,0.00013246,,4e-05,-8e-07
-3.37934e-05,-1.96388e-05,4.34562e-05,,6.94212e-05,7.16078e-06,0.00012069,,4e-05,2.8e-06
-3.39874e-05,-1.95994e-05,4.3328e-05,,9.26715e-05,0.000103444,0.000172389,,4e-05,7.8e-06
-3.41755e-05,-1.95559e-05,4.31941e-05,,7.42508e-06,7.80116e-05,0.000124526,,4e-05,-4.4e-06
-3.43574e-05,-1.95081e-05,4.30546e-05,,-1.01623e-05,3.85001e-05,0.000124001,,4e-05,-2e-06
-3.45328e-05,-1.94563e-05,4.29097e-05,,5.30958e-05,4.97944e-05,0.000172052,,4e-05,7.8e-06
-3.47016e-05,-1.94004e-05,4.27598e-05,,0.000102551,8.06283e-05,0.000128174,,4e-05,6.4e-06
-3.48634e-05,-1.93404e-05,4.26049e-05,,2.77966e-05,0.000126384,0.00012982,,4e-05,1e-06
-3.5018e-05,-1.92766e-05,4.24454e-05,,7.09168e-06,8.41672e-05,0.000168497,,4e-05,6.6e-06
-3.51651e-05,-1.92089e-05,4.22815e-05,,3.65486e-05,3.55246e-07,0.0001105,,4e-05,-6.4e-06
-3.53046e-05,-1.91374e-05,4.21134e-05,,9.1307e-05,5.79772e-05,0.000133535,,4e-05,-5.6e-06
-3.5436e-05,-1.90623e-05,4.19413e-05,,3.73864e-05,0.000113115,0.000156308,,4e-05,-1.6e-06
-3.55593e-05,-1.89836e-05,4.17656e-05,,-8.8789e-06,3.91118e-05,0.000121151,,4e-05,5e-06
-3.56741e-05,-1.89013e-05,4.15865e-05,,2.58217e-05,1.97028e-05,0.000139385,,4e-05,-4.6e-06
-3.57801e-05,-1.88157e-05,4.14042e-05,,8.29888e-05,6.41874e-05,0.000152753,,4e-05,6e-07
-3.58772e-05,-1.87268e-05,4.1219e-05,,5.79101e-05,0.000105325,0.000112369,,4e-05,1.4e-06
-3.59651e-05,-1.86347e-05,4.10311e-05,,-3.61071e-06,0.000110971,0.000159935,,4e-05,9.4e-06
-3.60434e-05,-1.85396e-05,4.08408e-05,,2.2823e-05,2.38185e-05,0.00013669,,4e-05,-9.6e-06
-3.61121e-05,-1.84415e-05,4.06482e-05,,8.84793e-05,4.47146e-05,0.000120673,,4e-05,5.2e-06
-3.61709e-05,-1.83407e-05,4.04538e-05,,7.75758e-05,0.000124015,0.000162501,,4e-05,6.2e-06
-3.62195e-05,-1.82371e-05,4.02575e-05,,-8.66209e-06,7.65446e-05,0.000139184,,4e-05,-8e-07
-3.62577e-05,-1.8131e-05,4.00598e-05,,1.24077e-05,-4.29183e-06,0.000112117,,4e-05,-1.8e-06
-3.62854e-05,-1.80225e-05,3.98608e-05,,6.84152e-05,4.42564e-05,0.000151489,,4e-05,-7e-06
-3.63024e-05,-1.79117e-05,3.96608e-05,,6.68141e-05,8.89336e-05,0.000131228,,4e-05,-8e-07
-3.63083e-05,-1.77987e-05,3.94599e-05,,2.52164e-06,9.32729e-05,0.000118258,,4e-05,-1.2e-06
-3.63032e-05,-1.76837e-05,3.92584e-05,,-8.1361e-06,4.76876e-05,0.000151337,,4e-05,-9.2e-06
-3.62868e-05,-1.75667e-05,3.90564e-05,,8.26808e-05,3.7528e-05,0.000131316,,4e-05,2.4e-06
-3.6259e-05,-1.74481e-05,3.88541e-05,,8.14112e-05,0.00010382,0.000130421,,4e-05,6e-06
-3.62196e-05,-1.73278e-05,3.86517e-05,,2.90537e-05,0.00012528,0.000167789,,4e-05,8e-06
-3.61686e-05,-1.7206e-05,3.84494e-05,,2.99432e-07,2.67614e-05,0.000127314,,4e-05,6.6e-06
-3.61059e-05,-1.70828e-05,3.82474e-05,,6.65783e-05,1.2112e-05,0.000126152,,4e-05,-2e-06
-3.60313e-05,-1.69584e-05,3.80457e-05,,7.10694e-05,8.80907e-05,0.00015209,,4e-05,-5.4e-06
-3.59449e-05,-1.68329e-05,3.78445e-05,,2.82518e-05,8.94793e-05,0.000126487,,4e-05,7.4e-06
-3.58466e-05,-1.67064e-05,3.7644e-05,,-1.81938e-05,4.88029e-05,0.000127719,,4e-05,-9.8e-06
-3.57364e-05,-1.6579e-05,3.74443e-05,,4.761e-05,3.45047e-05,0.000148799,,4e-05,-5e-06
-3.56142e-05,-1.64509e-05,3.72454e-05,,9.21572e-05,7.89566e-05,0.000118121,,4e-05,2.2e-06
-3.54801e-05,-1.63222e-05,3.70476e-05,,3.24663e-05,0.000127216,0.000143524,,4e-05,3e-06
-3.53341e-05,-1.61929e-05,3.68509e-05,,-7.7935e-06,5.99855e-05,0.000139157,,4e-05,-9.4e-06
-3.51763e-05,-1.60632e-05,3.66553e-05,,3.48816e-05,-2.62584e-06,0.000108151,,4e-05,-5e-06
-3.50068e-05,-1.59333e-05,3.64611e-05,,9.22355e-05,7.10965e-05,0.000147299,,4e-05,-6e-07
-3.48256e-05,-1.58031e-05,3.62682e-05,,2.82936e-05,9.72113e-05,0.000139128,,4e-05,-4.8e-06
-3.46328e-05,-1.56728e-05,3.60767e-05,,1.05798e-06,4.84055e-05,0.000121206,,4e-05,4.6e-06
-3.44287e-05,-1.55426e-05,3.58866e-05,,3.00052e-05,4.18067e-05,0.000153837,,4e-05,2.2e-06
-3.42133e-05,-1.54124e-05,3.56982e-05,,9.44186e-05,7.03151e-05,0.000146009,,4e-05,8.6e-06
-3.39868e-05,-1.52824e-05,3.55113e-05,,4.39132e-05,0.000104374,0.000108377,,4e-05,-6e-06
-3.37493e-05,-1.51526e-05,3.5326e-05,,-1.32575e-08,0.00010063,0.000156144,,4e-05,2e-06
-3.35012e-05,-1.50231e-05,3.51425e-05,,4.0006e-05,3.81605e-05,0.00014067,,4e-05,8.8e-06
-3.32426e-05,-1.48941e-05,3.49606e-05,,8.19307e-05,4.45825e-05,0.000123606,,4e-05,2.4e-06
-3.29736e-05,-1.47655e-05,3.47805e-05,,5.58574e-05,0.00010562,0.000147202,,4e-05,-8.6e-06
-3.26946e-05,-1.46374e-05,3.46022e-05,,-4.07835e-06,6.50789e-05,0.000129638,,4e-05,1.4e-06
-3.24058e-05,-1.45099e-05,3.44256e-05,,1.66677e-05,1.37431e-05,0.000118547,,4e-05,-4.4e-06
-3.21075e-05,-1.4383e-05,3.42509e-05,,6.3079e-05,5.38881e-05,0.000150937,,4e-05,-4.2e-06
-3.17999e-05,-1.42568e-05,3.40781e-05,,6.62668e-05,8.75634e-05,0.000119519,,4e-05,-1.6e-06
-3.14832e-05,-1.41313e-05,3.39071e-05,,-4.82859e-06,9.431e-05,0.000120517,,4e-05,-8.2e-06
-3.11579e-05,-1.40066e-05,3.3738e-05,,1.12656e-05,5.2593e-05,0.000149017,,4e-05,-4.2e-06
-3.08241e-05,-1.38826e-05,3.35709e-05,,6.80627e-05,3.46207e-05,0.000116906,,4e-05,-4e-06
-3.04821e-05,-1.37595e-05,3.34057e-05,,7.02977e-05,9.51725e-05,0.000132533,,4e-05,-2.6e-06
-3.01323e-05,-1.36371e-05,3.32424e-05,,2.52626e-05,0.00010934,0.000156633,,4e-05,6.6e-06
-2.9775e-05,-1.35157e-05,3.30811e-05,,3.99347e-06,1.99367e-05,0.000116951,,4e-05,1e-06
-2.94103e-05,-1.3395e-05,3.29217e-05,,5.989e-05,3.21059e-05,0.000133826,,4e-05,-4.6e-06
-2.90388e-05,-1.32753e-05,3.27644e-05,,7.20376e-05,9.35263e-05,0.000152122,,4e-05,6.4e-06
-2.86605e-05,-1.31564e-05,3.26091e-05,,2.03283e-05,8.25476e-05,0.000112694,,4e-05,-3.4e-06
-2.82758e-05,-1.30384e-05,3.24559e-05,,5.2947e-06,7.73472e-05,0.000152583,,4e-05,7.4e-06
-2.7885e-05,-1.29212e-05,3.23047e-05,,6.81666e-05,5.35702e-05,0.00015014,,4e-05,8.4e-06
-2.74884e-05,-1.28048e-05,3.21556e-05,,7.03289e-05,7.54633e-05,0.000110543,,4e-05,-6.2e-06
-2.70862e-05,-1.26893e-05,3.20087e-05,,3.34881e-05,0.000114047,0.000146096,,4e-05,-1.6e-06
-2.66788e-05,-1.25746e-05,3.18639e-05,,-2.42019e-06,4.91164e-05,0.000127279,,4e-05,-8.4e-06
-2.62663e-05,-1.24606e-05,3.17212e-05,,3.68805e-05,6.36534e-06,0.000106618,,4e-05,-9.8e-06
-2.5849e-05,-1.23474e-05,3.15807e-05,,8.06811e-05,8.37732e-05,0.000154039,,4e-05,3.4e-06
-2.54272e-05,-1.22348e-05,3.14424e-05,,3.00694e-05,8.79847e-05,0.000132778,,4e-05,8e-07
-2.5001e-05,-1.21229e-05,3.13064e-05,,-5.77784e-06,4.90031e-05,0.000112463,,4e-05,-9.4e-06
-2.45708e-05,-1.20116e-05,3.11726e-05,,2.33107e-05,4.46915e-05,0.000143027,,4e-05,-8.8e-06
-2.41367e-05,-1.19009e-05,3.10411e-05,,7.93271e-05,6.75026e-05,0.000126179,,4e-05,-1e-06
-2.36989e-05,-1.17906e-05,3.0912e-05,,3.49181e-05,0.000103015,0.000115655,,4e-05,-7.2e-06
-2.32575e-05,-1.16807e-05,3.07852e-05,,1.51406e-05,8.99328e-05,0.000152669,,4e-05,1.2e-06
-2.28129e-05,-1.15712e-05,3.06607e-05,,2.87014e-05,2.55078e-05,0.000116273,,4e-05,-6.2e-06
-2.2365e-05,-1.1462e-05,3.05387e-05,,8.24715e-05,6.22111e-05,0.00013475,,4e-05,5.4e-06
-2.1914e-05,-1.1353e-05,3.04191e-05,,5.31897e-05,0.000106558,0.000154542,,4e-05,4.6e-06
-2.14601e-05,-1.12442e-05,3.03019e-05,,-2.61411e-06,4.97497e-05,0.000115107,,4e-05,-6.2e-06
-2.10034e-05,-1.11353e-05,3.01873e-05,,1.60308e-05,3.51375e-05,0.000125019,,4e-05,-8.2e-06
-2.0544e-05,-1.10264e-05,3.00751e-05,,5.40062e-05,5.85482e-05,0.000139264,,4e-05,-8e-06
-2.00819e-05,-1.09174e-05,2.99655e-05,,4.72112e-05,8.21072e-05,0.000106955,,4e-05,-1e-05
-1.96173e-05,-1.08082e-05,2.98584e-05,,1.43008e-05,0.000104749,0.000141654,,4e-05,4e-06
-1.91501e-05,-1.06986e-05,2.97539e-05,,2.72712e-05,5.20746e-05,0.000139041,,4e-05,-4.8e-06
-1.86804e-05,-1.05886e-05,2.9652e-05,,6.03258e-05,4.35067e-05,0.000111067,,4e-05,-7e-06
-1.82083e-05,-1.0478e-05,2.95527e-05,,6.35119e-05,9.37108e-05,0.000139506,,4e-05,-3.2e-06
-1.77337e-05,-1.03668e-05,2.9456e-05,,9.11678e-06,7.59069e-05,0.000134047,,4e-05,-6e-06
-1.72566e-05,-1.02548e-05,2.9362e-05,,1.00964e-05,2.29684e-05,0.000109892,,4e-05,-7.2e-06
-1.67771e-05,-1.0142e-05,2.92706e-05,,4.95627e-05,5.47284e-05,0.00014061,,4e-05,-4.6e-06
-1.62951e-05,-1.00282e-05,2.91819e-05,,6.18916e-05,9.03432e-05,0.000141962,,4e-05,6.8e-06
-1.58106e-05,-9.91336e-06,2.90959e-05,,1.5614e-05,8.48779e-05,0.000114417,,4e-05,-4.4e-06
-1.53235e-05,-9.79731e-06,2.90126e-05,,6.53584e-06,6.68605e-05,0.000139854,,4e-05,-8.2e-06
-1.48337e-05,-9.67995e-06,2.89319e-05,,7.09242e-05,6.29445e-05,0.000139114,,4e-05,7.2e-06
-1.43413e-05,-9.56119e-06,2.8854e-05,,7.32269e-05,9.40849e-05,0.000127773,,4e-05,5.8e-06
-1.38461e-05,-9.44091e-06,2.87788e-05,,2.87641e-05,9.14671e-05,0.000140867,,4e-05,-8.2e-06
-1.3348e-05,-9.31902e-06,2.87062e-05,,2.1179e-05,5.50791e-05,0.000133481,,4e-05,6.4e-06
-1.2847e-05,-9.1954e-06,2.86364e-05,,5.32963e-05,4.13771e-05,0.000125993,,4e-05,1.8e-06
-1.23429e-05,-9.06997e-06,2.85692e-05,,4.7256e-05,7.54844e-05,0.000140067,,4e-05,-9e-06
-1.18358e-05,-8.94262e-06,2.85047e-05,,3.12908e-05,8.36711e-05,0.000130111,,4e-05,6e-06
-1.13254e-05,-8.81328e-06,2.84429e-05,,1.78579e-06,6.43976e-05,0.000122661,,4e-05,-6.8e-06
-1.08117e-05,-8.68185e-06,2.83837e-05,,4.05346e-05,6.26982e-05,0.000144768,,4e-05,-3.2e-06
-1.02946e-05,-8.54825e-06,2.83271e-05,,6.95342e-05,7.87931e-05,0.000121268,,4e-05,-4e-07
-9.774e-06,-8.41242e-06,2.82732e-05,,4.81734e-05,0.000111116,0.000138932,,4e-05,6.2e-06
-9.2498e-06,-8.27428e-06,2.82218e-05,,2.49652e-05,7.23166e-05,0.000143886,,4e-05,-2e-06
-8.72193e-06,-8.13378e-06,2.8173e-05,,3.59154e-05,3.41665e-05,0.000111246,,4e-05,-8e-06
-8.1903e-06,-7.99087e-06,2.81267e-05,,6.59367e-05,7.06473e-05,0.00013634,,4e-05,-1e-06
-7.65485e-06,-7.8455e-06,2.8083e-05,,2.21319e-05,7.6784e-05,0.000133575,,4e-05,-9.6e-06
-7.11551e-06,-7.69764e-06,2.80417e-05,,8.29586e-06,5.38312e-05,0.000117217,,4e-05,-2.2e-06
-6.57223e-06,-7.54726e-06,2.80028e-05,,3.28229e-05,7.18716e-05,0.000147046,,4e-05,6e-06
-6.02497e-06,-7.39435e-06,2.79664e-05,,6.05724e-05,7.80208e-05,0.000141403,,4e-05,1.6e-06
-5.47372e-06,-7.23889e-06,2.79323e-05,,4.57006e-05,9.60551e-05,0.000119484,,4e-05,4e-07
-4.91845e-06,-7.08088e-06,2.79004e-05,,1.73602e-05,8.33362e-05,0.000134973,,4e-05,-9e-06
-4.35918e-06,-6.92036e-06,2.78709e-05,,4.47046e-05,5.73801e-05,0.000134965,,4e-05,-1.2e-06
-3.79592e-06,-6.75732e-06,2.78436e-05,,6.02113e-05,6.02477e-05,0.000114168,,4e-05,-6.8e-06
-3.22871e-06,-6.59181e-06,2.78184e-05,,5.68681e-05,9.40525e-05,0.000151133,,4e-05,4.8e-06
-2.65762e-06,-6.42386e-06,2.77953e-05,,1.90769e-05,6.86296e-05,0.0001373,,4e-05,4.6e-06
-2.08271e-06,-6.25352e-06,2.77743e-05,,2.63458e-05,4.94473e-05,0.000124579,,4e-05,1.4e-06
-1.50409e-06,-6.08085e-06,2.77553e-05,,4.85547e-05,8.31834e-05,0.000152387,,4e-05,4.8e-06
-9.21877e-07,-5.90593e-06,2.77382e-05,,4.35134e-05,8.32499e-05,0.00012936,,4e-05,2e-07
-3.36209e-07,-5.72882e-06,2.77229e-05,,2.68609e-05,9.75016e-05,0.000132665,,4e-05,6.4e-06
2.52755e-07,-5.54962e-06,2.77095e-05,,4.69407e-05,8.53647e-05,0.000156744,,4e-05,8.8e-06
8.44829e-07,-5.36842e-06,2.76978e-05,,6.29463e-05,6.77202e-05,0.000123007,,4e-05,-3.2e-06
1.43981e-06,-5.18532e-06,2.76878e-05,,6.58782e-05,9.50886e-05,0.000133143,,4e-05,3.4e-06
2.03747e-06,-5.00044e-06,2.76793e-05,,4.03259e-05,8.45503e-05,0.00015439,,4e-05,7e-06
2.63756e-06,-4.81388e-06,2.76724e-05,,2.4969e-05,4.66312e-05,0.000122378,,4e-05,-1.6e-06
3.23981e-06,-4.62578e-06,2.76669e-05,,3.85445e-05,5.74961e-05,0.000126867,,4e-05,-6.8e-06
3.84394e-06,-4.43626e-06,2.76628e-05,,3.29846e-05,8.24214e-05,0.000142831,,4e-05,-3.2e-06
4.44963e-06,-4.24545e-06,2.76599e-05,,9.49085e-06,6.38115e-05,0.000113512,,4e-05,-9e-06
5.05656e-06,-4.05349e-06,2.76584e-05,,2.98923e-05,9.1406e-05,0.000145949,,4e-05,9e-06
5.66437e-06,-3.86053e-06,2.76579e-05,,6.27153e-05,8.44116e-05,0.000149699,,4e-05,5.8e-06
6.27271e-06,-3.6667e-06,2.76585e-05,,7.17326e-05,0.000102138,0.000131438,,4e-05,9.8e-06
6.8812e-06,-3.47215e-06,2.76601e-05,,4.03225e-05,8.49726e-05,0.000134512,,4e-05,-6e-06
7.48943e-06,-3.27703e-06,2.76627e-05,,3.24304e-05,5.50072e-05,0.000135857,,4e-05,-5.6e-06
8.09701e-06,-3.08149e-06,2.76661e-05,,5.53986e-05,6.32523e-05,0.000125957,,4e-05,3.2e-06
8.70351e-06,-2.88568e-06,2.76702e-05,,5.39225e-05,9.03095e-05,0.000152049,,4e-05,8.8e-06
9.3085e-06,-2.68974e-06,2.7675e-05,,1.57844e-05,7.01286e-05,0.000136921,,4e-05,-1.4e-06
9.91155e-06,-2.49381e-06,2.76805e-05,,7.50305e-06,5.62661e-05,0.000117186,,4e-05,-5.8e-06
1.05122e-05,-2.29804e-06,2.76865e-05,,2.64721e-05,7.7528e-05,0.000135706,,4e-05,-9.6e-06
1.111e-05,-2.10257e-06,2.7693e-05,,5.18879e-05,8.62328e-05,0.000132904,,4e-05,-2.2e-06
1.17045e-05,-1.90754e-06,2.76999e-05,,4.81068e-05,0.000103623,0.000132359,,4e-05,6.2e-06
1.22952e-05,-1.71307e-06,2.77071e-05,,4.18625e-05,7.2557e-05,0.00014295,,4e-05,-4e-06
1.28817e-05,-1.51928e-06,2.77147e-05,,5.46098e-05,6.18242e-05,0.000127709,,4e-05,-5e-06
1.34636e-05,-1.32631e-06,2.77224e-05,,5.33965e-05,7.43115e-05,0.000119548,,4e-05,-8.4e-06
1.40403e-05,-1.13427e-06,2.77303e-05,,2.88751e-05,7.44138e-05,0.00014664,,4e-05,-1e-06
1.46114e-05,-9.43247e-07,2.77383e-05,,7.39408e-06,4.50298e-05,0.000121126,,4e-05,-7.6e-06
1.51765e-05,-7.53364e-07,2.77464e-05,,1.7138e-05,6.11049e-05,0.000121826,,4e-05,-9.2e-06
1.57351e-05,-5.64704e-07,2.77545e-05,,3.02672e-05,8.78905e-05,0.000140061,,4e-05,-7.6e-06
1.62868e-05,-3.7735e-07,2.77625e-05,,2.35359e-05,7.80132e-05,0.00012051,,4e-05,-7.6e-06
1.68313e-05,-1.91386e-07,2.77705e-05,,2.66167e-05,8.21873e-05,0.0001278,,4e-05,-7e-06
1.7368e-05,-6.8726e-09,2.77783e-05,,6.13103e-05,7.56976e-05,0.000146942,,4e-05,0
1.78966e-05,1.76128e-07,2.77859e-05,,7.70961e-05,9.75497e-05,0.000132306,,4e-05,7e-06
1.84167e-05,3.57566e-07,2.77934e-05,,4.49162e-05,7.91289e-05,0.000129765,,4e-05,-6.8e-06
1.8928e-05,5.37389e-07,2.78006e-05,,2.35537e-05,5.26306e-05,0.000141933,,4e-05,-3.4e-06
1.943e-05,7.15581e-07,2.78076e-05,,3.8479e-05,6.05077e-05,0.000130203,,4e-05,5e-06
1.99226e-05,8.92101e-07,2.78143e-05,,3.6434e-05,9.18225e-05,0.000144492,,4e-05,3.8e-06
2.04054e-05,1.06695e-06,2.78207e-05,,1.34972e-05,7.92932e-05,0.000136816,,4e-05,-7e-06
2.0878e-05,1.2401e-06,2.78268e-05,,1.22003e-05,7.05017e-05,0.000123163,,4e-05,-2.8e-06
2.13402e-05,1.41157e-06,2.78326e-05,,4.25991e-05,8.783e-05,0.000140997,,4e-05,-1.4e-06
2.17918e-05,1.58135e-06,2.7838e-05,,7.5984e-05,9.94441e-05,0.000148551,,4e-05,8.2e-06
2.22326e-05,1.74947e-06,2.78431e-05,,5.13107e-05,9.42343e-05,0.000116799,,4e-05,-8.4e-06
2.26622e-05,1.91595e-06,2.78479e-05,,4.23285e-05,6.5571e-05,0.000141762,,4e-05,-3e-06
2.30806e-05,2.08082e-06,2.78523e-05,,5.17357e-05,5.98252e-05,0.000143981,,4e-05,5.6e-06
2.34876e-05,2.24412e-06,2.78564e-05,,4.12095e-05,6.98298e-05,0.000121502,,4e-05,-7.8e-06
2.38829e-05,2.40588e-06,2.78601e-05,,2.13749e-05,8.7847e-05,0.000146303,,4e-05,-2e-07
2.42665e-05,2.56617e-06,2.78635e-05,,-3.17698e-06,5.27644e-05,0.000125823,,4e-05,-9.6e-06
2.46383e-05,2.72503e-06,2.78666e-05,,2.51199e-05,7.87211e-05,0.000133887,,4e-05,5.2e-06
2.49982e-05,2.88253e-06,2.78693e-05,,5.00014e-05,9.97272e-05,0.000145909,,4e-05,-1.6e-06
2.5346e-05,3.03872e-06,2.78718e-05,,5.8196e-05,0.000106692,0.000137801,,4e-05,6.2e-06
2.56818e-05,3.19368e-06,2.78739e-05,,4.75658e-05,9.2559e-05,0.000133054,,4e-05,0
2.60056e-05,3.34747e-06,2.78758e-05,,6.24101e-05,6.41147e-05,0.000152989,,4e-05,5e-06
2.63172e-05,3.50017e-06,2.78774e-05,,5.96379e-05,7.05233e-05,0.000124205,,4e-05,-7.6e-06
2.66167e-05,3.65185e-06,2.78787e-05,,3.91458e-05,8.313e-05,0.000128774,,4e-05,-6e-06
2.6904e-05,3.80258e-06,2.78798e-05,,4.71158e-06,5.88123e-05,0.000141286,,4e-05,-6.4e-06
2.71793e-05,3.95245e-06,2.78807e-05,,1.83482e-05,5.59612e-05,0.000132459,,4e-05,5.2e-06
2.74426e-05,4.10153e-06,2.78814e-05,,2.54336e-05,8.66369e-05,0.000131703,,4e-05,-5e-06
2.76938e-05,4.24989e-06,2.78818e-05,,4.5237e-05,0.000111296,0.000153335,,4e-05,6.6e-06
2.79331e-05,4.39761e-06,2.78821e-05,,2.90236e-05,9.00605e-05,0.00012797,,4e-05,-1.2e-06
2.81606e-05,4.54477e-06,2.78821e-05,,4.43821e-05,7.35603e-05,0.000133144,,4e-05,-7.4e-06
2.83762e-05,4.69144e-06,2.7882e-05,,7.34283e-05,7.44499e-05,0.000144932,,4e-05,-6e-07
2.85802e-05,4.83767e-06,2.78817e-05,,6.51961e-05,9.75085e-05,0.000123444,,4e-05,-4e-06
2.87726e-05,4.98355e-06,2.78811e-05,,3.54507e-05,7.49827e-05,0.000142675,,4e-05,1.2e-06
2.89535e-05,5.12914e-06,2.78805e-05,,2.5064e-05,5.04954e-05,0.000146332,,4e-05,4.2e-06
2.9123e-05,5.27449e-06,2.78795e-05,,3.80613e-05,7.37654e-05,0.00013611,,4e-05,8e-06
2.92813e-05,5.41967e-06,2.78784e-05,,3.32272e-05,0.000111509,0.00015138,,4e-05,7e-06
2.94284e-05,5.56471e-06,2.78771e-05,,2.14378e-05,9.21337e-05,0.000147474,,4e-05,6e-06
2.95645e-05,5.70967e-06,2.78755e-05,,1.68912e-05,7.22219e-05,0.000123018,,4e-05,-7.8e-06
2.96896e-05,5.85459e-06,2.78736e-05,,5.97346e-05,8.32219e-05,0.000141542,,4e-05,-4.4e-06
2.98041e-05,5.9995e-06,2.78714e-05,,6.64182e-05,9.25568e-05,0.000129881,,4e-05,-7.2e-06
2.99078e-05,6.14444e-06,2.78689e-05,,6.22365e-05,0.000104207,0.000134543,,4e-05,5e-06
3.0001e-05,6.28943e-06,2.7866e-05,,3.24936e-05,4.5799e-05,0.000141715,,4e-05,-5.6e-06
3.00838e-05,6.43449e-06,2.78626e-05,,4.28126e-05,5.33155e-05,0.000133275,,4e-05,-2e-06
3.01563e-05,6.57965e-06,2.78588e-05,,3.54689e-05,8.77598e-05,0.000134537,,4e-05,0
3.02186e-05,6.7249e-06,2.78544e-05,,8.37001e-06,8.86947e-05,0.00014597,,4e-05,-2.2e-06
3.02709e-05,6.87027e-06,2.78494e-05,,-4.39202e-06,5.27528e-05,0.00012452,,4e-05,-9.6e-06
3.03132e-05,7.01573e-06,2.78437e-05,,4.31154e-05,9.56803e-05,0.000142745,,4e-05,8.8e-06
3.03457e-05,7.16131e-06,2.78372e-05,,6.62465e-05,0.000106575,0.000151439,,4e-05,3.2e-06
3.03685e-05,7.30699e-06,2.78299e-05,,6.33477e-05,0.000113757,0.000136995,,4e-05,7e-06
3.03816e-05,7.45275e-06,2.78216e-05,,4.5021e-05,7.18793e-05,0.000129838,,4e-05,-7.4e-06
3.03853e-05,7.59858e-06,2.78123e-05,,6.20079e-05,5.59835e-05,0.00015225,,4e-05,4.2e-06
3.03795e-05,7.74449e-06,2.78019e-05,,6.70797e-05,8.89161e-05,0.000139252,,4e-05,6.8e-06
3.03643e-05,7.89043e-06,2.77902e-05,,3.10654e-05,9.25074e-05,0.00014413,,4e-05,4.6e-06
3.03399e-05,8.0364e-06,2.77772e-05,,7.31895e-06,6.4594e-05,0.000149902,,4e-05,3.2e-06
3.03064e-05,8.18237e-06,2.77627e-05,,2.06453e-05,6.66851e-05,0.000135658,,4e-05,7e-06
3.02637e-05,8.32833e-06,2.77466e-05,,3.43861e-05,0.000100584,0.000136144,,4e-05,-4.6e-06
3.02121e-05,8.47425e-06,2.77288e-05,,4.64454e-05,0.000107458,0.000147416,,4e-05,3e-06
3.01515e-05,8.62013e-06,2.77092e-05,,3.59726e-05,8.87751e-05,0.000125338,,4e-05,-6e-06
3.0082e-05,8.76594e-06,2.76877e-05,,6.06256e-05,6.86598e-05,0.000142285,,4e-05,-1.4e-06
3.00037e-05,8.91167e-06,2.7664e-05,,8.28205e-05,8.58078e-05,0.000152915,,4e-05,9e-06
2.99167e-05,9.05732e-06,2.76382e-05,,6.61138e-05,0.000104405,0.000139577,,4e-05,8.6e-06
2.98211e-05,9.20287e-06,2.761e-05,,1.902e-05,6.33447e-05,0.00014333,,4e-05,-1.8e-06
2.97168e-05,9.34834e-06,2.75794e-05,,1.36079e-05,4.37831e-05,0.000136329,,4e-05,-2.8e-06
2.9604e-05,9.4937e-06,2.75462e-05,,3.39795e-05,8.8579e-05,0.000140556,,4e-05,9.4e-06
2.94827e-05,9.639e-06,2.75103e-05,,2.55778e-05,0.000106799,0.0001446,,4e-05,-2.2e-06
2.9353e-05,9.78423e-06,2.74715e-05,,2.55138e-05,8.97069e-05,0.000142222,,4e-05,3e-06
2.92149e-05,9.92942e-06,2.74298e-05,,4.81418e-05,9.17285e-05,0.000139915,,4e-05,5.4e-06
2.90685e-05,1.00746e-05,2.73851e-05,,7.16243e-05,8.26786e-05,0.000147923,,4e-05,0
2.8914e-05,1.02198e-05,2.73373e-05,,7.0208e-05,9.79634e-05,0.000133816,,4e-05,-2e-06
2.87513e-05,1.03651e-05,2.72862e-05,,5.22252e-05,8.65386e-05,0.000136014,,4e-05,2.8e-06
2.85805e-05,1.05105e-05,2.72318e-05,,4.01385e-05,5.53069e-05,0.000156757,,4e-05,8.4e-06
2.84017e-05,1.0656e-05,2.7174e-05,,3.06906e-05,5.51943e-05,0.000129884,,4e-05,-4e-06
2.8215e-05,1.08018e-05,2.71128e-05,,3.23142e-05,0.000103118,0.000145634,,4e-05,8.6e-06
2.80204e-05,1.09479e-05,2.7048e-05,,2.05264e-05,9.64531e-05,0.000157277,,4e-05,8.6e-06
2.78181e-05,1.10944e-05,2.69798e-05,,1.28873e-05,6.79204e-05,0.000130667,,4e-05,-3.8e-06
2.76082e-05,1.12413e-05,2.69079e-05,,5.06813e-05,9.63841e-05,0.000138977,,4e-05,1.4e-06
2.73907e-05,1.13888e-05,2.68325e-05,,6.14672e-05,9.44968e-05,0.000142477,,4e-05,-4.8e-06
2.71657e-05,1.15369e-05,2.67534e-05,,6.03752e-05,0.000100769,0.000130599,,4e-05,-2e-07
2.69334e-05,1.16856e-05,2.66709e-05,,4.67265e-05,6.02283e-05,0.000134503,,4e-05,-5e-06
2.66938e-05,1.18351e-05,2.65847e-05,,5.31588e-05,5.6105e-05,0.000148464,,4e-05,2e-06
2.64472e-05,1.19855e-05,2.64951e-05,,4.93097e-05,8.67186e-05,0.000140551,,4e-05,7e-06
2.61935e-05,1.21368e-05,2.64021e-05,,1.10123e-05,7.99258e-05,0.000136345,,4e-05,-5.4e-06
2.5933e-05,1.22891e-05,2.63058e-05,,-1.48087e-07,5.33478e-05,0.00013697,,4e-05,-8.2e-06
2.56657e-05,1.24424e-05,2.62062e-05,,1.73012e-05,7.23655e-05,0.000125665,,4e-05,-5.2e-06
2.53918e-05,1.25968e-05,2.61034e-05,,4.38372e-05,0.000105221,0.000141194,,4e-05,-2e-06
2.51116e-05,1.27523e-05,2.59977e-05,,5.9763e-05,0.000109376,0.000151536,,4e-05,9.8e-06
2.4825e-05,1.2909e-05,2.58891e-05,,6.00263e-05,9.41203e-05,0.000137695,,4e-05,5.2e-06
2.45323e-05,1.30668e-05,2.57779e-05,,5.75131e-05,5.9688e-05,0.000139925,,4e-05,-5e-06
2.42336e-05,1.32258e-05,2.56641e-05,,6.66891e-05,8.11888e-05,0.000146901,,4e-05,4.8e-06
2.39291e-05,1.33858e-05,2.55481e-05,,3.12494e-05,7.43173e-05,0.000124517,,4e-05,-8.4e-06
2.36191e-05,1.3547e-05,2.54299e-05,,1.69895e-05,6.14773e-05,0.000145627,,4e-05,-6e-07
2.33036e-05,1.3709e-05,2.53099e-05,,1.88549e-05,5.77032e-05,0.000140068,,4e-05,2.2e-06
2.29829e-05,1.3872e-05,2.51882e-05,,1.88983e-05,8.83094e-05,0.000126384,,4e-05,-6e-06
2.26572e-05,1.40356e-05,2.50652e-05,,3.97614e-05,0.000110015,0.000154906,,4e-05,7.8e-06
2.23267e-05,1.41998e-05,2.4941e-05,,3.31556e-05,8.2281e-05,0.000132397,,4e-05,-5.4e-06
2.19916e-05,1.43644e-05,2.48159e-05,,5.27268e-05,8.14579e-05,0.000130339,,4e-05,-4.6e-06
2.16521e-05,1.45291e-05,2.46903e-05,,6.0627e-05,7.42325e-05,0.000140995,,4e-05,-6.8e-06
2.13085e-05,1.46936e-05,2.45643e-05,,5.6482e-05,8.44878e-05,0.000132287,,4e-05,-3.6e-06
2.0961e-05,1.48577e-05,2.44383e-05,,3.88526e-05,6.69907e-05,0.00013308,,4e-05,-1.6e-06
2.06099e-05,1.50211e-05,2.43125e-05,,2.80051e-05,4.92613e-05,0.000145328,,4e-05,-1.8e-06
2.02554e-05,1.51833e-05,2.41873e-05,,2.34035e-05,6.84327e-05,0.000133015,,4e-05,-8e-07
1.98978e-05,1.53441e-05,2.4063e-05,,1.15535e-05,8.92931e-05,0.000129028,,4e-05,-7.8e-06
1.95374e-05,1.55029e-05,2.39398e-05,,1.34605e-05,7.33202e-05,0.000139298,,4e-05,-8.2e-06
1.91745e-05,1.56593e-05,2.3818e-05,,4.62368e-05,9.299e-05,0.000143239,,4e-05,8.8e-06
1.88095e-05,1.58128e-05,2.36979e-05,,5.99644e-05,0.000100085,0.000142144,,4e-05,3.8e-06
1.84425e-05,1.5963e-05,2.35797e-05,,5.2564e-05,8.37012e-05,0.000137146,,4e-05,-8.8e-06
1.8074e-05,1.61092e-05,2.34638e-05,,6.43424e-05,8.90652e-05,0.000138238,,4e-05,6.8e-06
1.77043e-05,1.6251e-05,2.33504e-05,,4.46574e-05,5.44505e-05,0.000134689,,4e-05,-5.4e-06
1.73338e-05,1.63878e-05,2.32397e-05,,4.09332e-05,6.06012e-05,0.000145224,,4e-05,6e-07
1.69627e-05,1.65189e-05,2.3132e-05,,3.39327e-05,8.87126e-05,0.000142048,,4e-05,9.4e-06
1.65916e-05,1.66439e-05,2.30275e-05,,1.58054e-05,7.86883e-05,0.000141239,,4e-05,-8e-07
1.62208e-05,1.6762e-05,2.29264e-05,,2.23923e-05,6.80804e-05,0.000144423,,4e-05,4e-07
1.58506e-05,1.68728e-05,2.28289e-05,,4.08761e-05,0.000100008,0.000136053,,4e-05,5e-06
1.54816e-05,1.69755e-05,2.27351e-05,,3.85111e-05,9.41935e-05,0.000136426,,4e-05,-7.4e-06
1.51142e-05,1.70696e-05,2.26452e-05,,6.05503e-05,9.44623e-05,0.000146341,,4e-05,5.6e-06
1.47486e-05,1.71544e-05,2.25593e-05,,7.09271e-05,8.66192e-05,0.000141153,,4e-05,9.8e-06
1.43855e-05,1.72296e-05,2.24775e-05,,5.96677e-05,6.99007e-05,0.000147408,,4e-05,2e-06
1.40253e-05,1.72944e-05,2.24e-05,,3.61001e-05,6.51891e-05,0.000134648,,4e-05,-5.8e-06
1.36684e-05,1.73484e-05,2.23268e-05,,2.41801e-05,6.98136e-05,0.000129224,,4e-05,-3e-06
1.33152e-05,1.7391e-05,2.22579e-05,,2.33089e-05,6.15906e-05,0.000146961,,4e-05,4e-07
1.29663e-05,1.74218e-05,2.21934e-05,,2.93556e-05,7.83125e-05,0.000142975,,4e-05,5.8e-06
1.26221e-05,1.74404e-05,2.21332e-05,,3.25709e-05,0.000107695,0.000137925,,4e-05,5.4e-06
1.2283e-05,1.74464e-05,2.20774e-05,,3.44632e-05,8.85393e-05,0.000144116,,4e-05,-2.8e-06
1.19496e-05,1.74393e-05,2.2026e-05,,4.8334e-05,7.7719e-05,0.000129177,,4e-05,-6.6e-06
1.16223e-05,1.74191e-05,2.19787e-05,,5.73378e-05,7.97295e-05,0.000130019,,4e-05,-4.6e-06
1.13014e-05,1.73853e-05,2.19357e-05,,5.54914e-05,7.8313e-05,0.000147005,,4e-05,-4e-07
1.09876e-05,1.73379e-05,2.18967e-05,,3.99242e-05,6.63849e-05,0.000129992,,4e-05,-4e-06
1.06811e-05,1.72765e-05,2.18617e-05,,3.99487e-05,6.4781e-05,0.000138292,,4e-05,2e-06
1.03825e-05,1.72013e-05,2.18306e-05,,2.54371e-05,5.51327e-05,0.000142771,,4e-05,-3.2e-06
1.0092e-05,1.71121e-05,2.18031e-05,,2.75187e-05,8.98038e-05,0.00013975,,4e-05,8e-06
9.81024e-06,1.7009e-05,2.17791e-05,,1.34922e-05,8.48515e-05,0.000130964,,4e-05,-7.6e-06
9.53742e-06,1.68921e-05,2.17585e-05,,3.54478e-05,7.69537e-05,0.000143111,,4e-05,-2e-06
9.27393e-06,1.67614e-05,2.1741e-05,,5.6663e-05,9.59033e-05,0.000136188,,4e-05,4.6e-06
9.02009e-06,1.66173e-05,2.17264e-05,,5.32547e-05,9.23722e-05,0.000140003,,4e-05,-8e-07
8.77621e-06,1.64599e-05,2.17146e-05,,5.72836e-05,8.25176e-05,0.000146402,,4e-05,3.4e-06
8.54256e-06,1.62896e-05,2.17053e-05,,5.78645e-05,7.2541e-05,0.00013493,,4e-05,4.8e-06
8.3194e-06,1.61067e-05,2.16983e-05,,4.79196e-05,6.47705e-05,0.00014459,,4e-05,1.8e-06
8.10695e-06,1.59117e-05,2.16934e-05,,2.53355e-05,6.12552e-05,0.000138244,,4e-05,-2e-06
7.90539e-06,1.57049e-05,2.16902e-05,,1.65689e-05,7.79455e-05,0.000128556,,4e-05,-2.4e-06
7.71489e-06,1.54869e-05,2.16886e-05,,1.86692e-05,7.00269e-05,0.000138326,,4e-05,-6e-06
7.53558e-06,1.52582e-05,2.16884e-05,,2.67836e-05,6.88695e-05,0.000128526,,4e-05,-9.8e-06
7.36756e-06,1.50193e-05,2.16892e-05,,3.70127e-05,9.62577e-05,0.000127993,,4e-05,-3.6e-06
7.2109e-06,1.4771e-05,2.16909e-05,,5.15866e-05,9.42928e-05,0.000148845,,4e-05,3.8e-06
7.06564e-06,1.45137e-05,2.16931e-05,,6.49208e-05,8.40907e-05,0.000141477,,4e-05,6.6e-06
6.93177e-06,1.42481e-05,2.16958e-05,,5.8497e-05,7.30312e-05,0.000132413,,4e-05,-6e-07
6.80927e-06,1.39749e-05,2.16986e-05,,4.63172e-05,6.91327e-05,0.000146825,,4e-05,1.8e-06
6.69809e-06,1.36948e-05,2.17013e-05,,3.21123e-05,6.75916e-05,0.000136287,,4e-05,3e-06
6.59813e-06,1.34085e-05,2.17038e-05,,3.25175e-05,7.79826e-05,0.000139991,,4e-05,4.8e-06
6.50929e-06,1.31166e-05,2.17057e-05,,3.61265e-05,7.5721e-05,0.000152474,,4e-05,8.2e-06
6.43141e-06,1.28199e-05,2.17069e-05,,3.47338e-05,9.13811e-05,0.000137949,,4e-05,7e-06
6.36433e-06,1.2519e-05,2.17073e-05,,2.82055e-05,9.34298e-05,0.000133377,,4e-05,-3.8e-06
6.30786e-06,1.22146e-05,2.17066e-05,,5.84074e-05,9.22229e-05,0.000150789,,4e-05,8.6e-06
6.26177e-06,1.19074e-05,2.17046e-05,,6.14016e-05,8.5944e-05,0.000131898,,4e-05,2e-06
6.22582e-06,1.15981e-05,2.17013e-05,,5.12371e-05,7.68694e-05,0.000135761,,4e-05,-3.6e-06
6.19976e-06,1.12873e-05,2.16964e-05,,4.15583e-05,6.56216e-05,0.000138185,,4e-05,-2.2e-06
6.18332e-06,1.09755e-05,2.16899e-05,,4.37009e-05,6.93894e-05,0.000133105,,4e-05,3.4e-06
6.17618e-06,1.06635e-05,2.16816e-05,,4.15669e-05,7.62252e-05,0.000147909,,4e-05,6.8e-06
6.17806e-06,1.03518e-05,2.16714e-05,,2.26794e-05,6.42799e-05,0.000136205,,4e-05,-1e-06
6.18863e-06,1.0041e-05,2.16592e-05,,1.72138e-05,8.12476e-05,0.000125355,,4e-05,-4.2e-06
6.20756e-06,9.73144e-06,2.1645e-05,,2.82299e-05,8.22179e-05,0.000136491,,4e-05,-5.8e-06
6.23453e-06,9.42377e-06,2.16287e-05,,5.44714e-05,8.84313e-05,0.00013961,,4e-05,5e-06
6.26918e-06,9.1184e-06,2.16102e-05,,5.49836e-05,9.59128e-05,0.000135581,,4e-05,4.4e-06
6.31118e-06,8.81576e-06,2.15895e-05,,5.33369e-05,8.2825e-05,0.000145555,,4e-05,2.8e-06
6.36018e-06,8.51624e-06,2.15665e-05,,5.55451e-05,7.40655e-05,0.000135903,,4e-05,3.8e-06
6.41584e-06,8.22019e-06,2.15413e-05,,4.53391e-05,6.74755e-05,0.000128093,,4e-05,-4.2e-06
6.47782e-06,7.92795e-06,2.15138e-05,,3.63063e-05,7.02083e-05,0.000146052,,4e-05,3.8e-06
6.54577e-06,7.63979e-06,2.14841e-05,,2.31845e-05,6.53539e-05,0.000130811,,4e-05,1.4e-06
6.61937e-06,7.35599e-06,2.14521e-05,,2.11293e-05,7.89471e-05,0.000129826,,4e-05,-4.6e-06
6.69829e-06,7.07678e-06,2.14179e-05,,3.97192e-05,8.45298e-05,0.000144589,,4e-05,3.4e-06
6.78221e-06,6.80234e-06,2.13815e-05,,4.66254e-05,9.4164e-05,0.000136161,,4e-05,7.6e-06
6.87083e-06,6.53286e-06,2.1343e-05,,3.62969e-05,8.51375e-05,0.000130243,,4e-05,-6.2e-06
6.96385e-06,6.26847e-06,2.13025e-05,,4.47048e-05,6.90137e-05,0.000129374,,4e-05,-9.8e-06
7.06098e-06,6.0093e-06,2.12599e-05,,6.28748e-05,8.34752e-05,0.000131111,,4e-05,4.2e-06
7.16195e-06,5.75543e-06,2.12154e-05,,4.78726e-05,7.48722e-05,0.000138385,,4e-05,2e-07
7.26651e-06,5.50694e-06,2.11691e-05,,2.8771e-05,5.96401e-05,0.000134351,,4e-05,-2.2e-06
7.37439e-06,5.26388e-06,2.1121e-05,,2.79478e-05,6.43155e-05,0.000125104,,4e-05,-2.4e-06
7.48537e-06,5.02628e-06,2.10712e-05,,4.01841e-05,9.10669e-05,0.000148563,,4e-05,8.8e-06
7.59923e-06,4.79415e-06,2.10199e-05,,2.58217e-05,7.19081e-05,0.000130717,,4e-05,-3.6e-06
7.71575e-06,4.56749e-06,2.09671e-05,,2.17065e-05,7.97896e-05,0.000121004,,4e-05,-6.8e-06
7.83475e-06,4.3463e-06,2.0913e-05,,4.42802e-05,8.74011e-05,0.000140469,,4e-05,-2e-07
7.95603e-06,4.13054e-06,2.08577e-05,,5.26016e-05,7.85738e-05,0.000125408,,4e-05,-5.4e-06
8.07942e-06,3.92019e-06,2.08012e-05,,4.85931e-05,8.03789e-05,0.000122744,,4e-05,-6.2e-06
8.20477e-06,3.7152e-06,2.07439e-05,,3.77745e-05,6.51407e-05,0.000135325,,4e-05,-5.6e-06
8.33192e-06,3.51553e-06,2.06856e-05,,3.72347e-05,6.0129e-05,0.000126282,,4e-05,-2.8e-06
8.46074e-06,3.32112e-06,2.06267e-05,,3.78292e-05,7.2012e-05,0.000128505,,4e-05,-2.6e-06
8.59108e-06,3.13194e-06,2.05672e-05,,3.44554e-05,8.36224e-05,0.000146655,,4e-05,6.2e-06
8.72282e-06,2.94791e-06,2.05073e-05,,2.38859e-05,7.18018e-05,0.000129334,,4e-05,2.8e-06
8.85586e-06,2.76899e-06,2.04471e-05,,2.23482e-05,7.93976e-05,0.000125568,,4e-05,-6.8e-06
8.99006e-06,2.59512e-06,2.03868e-05,,4.20681e-05,8.03378e-05,0.000132516,,4e-05,-6.6e-06
9.12534e-06,2.42624e-06,2.03265e-05,,4.32662e-05,8.28152e-05,0.0001178,,4e-05,-7.4e-06
9.26156e-06,2.26231e-06,2.02664e-05,,4.10214e-05,7.85478e-05,0.000128895,,4e-05,-6e-06
9.39864e-06,2.10328e-06,2.02066e-05,,4.31684e-05,6.34185e-05,0.000132554,,4e-05,-5e-06
9.53646e-06,1.94909e-06,2.01472e-05,,5.75657e-05,7.8683e-05,0.000130009,,4e-05,5e-06
9.67493e-06,1.79972e-06,2.00885e-05,,4.22702e-05,8.08342e-05,0.000138443,,4e-05,2e-06
9.81393e-06,1.6551e-06,2.00306e-05,,3.15662e-05,7.61525e-05,0.000143995,,4e-05,9.2e-06
9.95336e-06,1.51522e-06,1.99737e-05,,2.77555e-05,7.18438e-05,0.000128755,,4e-05,4.6e-06
1.00931e-05,1.38002e-06,1.99179e-05,,3.32665e-05,8.66669e-05,0.00013559,,4e-05,-2.4e-06
1.0233e-05,1.24949e-06,1.98633e-05,,3.71004e-05,8.07545e-05,0.000126841,,4e-05,-5.6e-06
1.0373e-05,1.12358e-06,1.98101e-05,,4.06377e-05,9.23303e-05,0.000128675,,4e-05,2.6e-06
1.05129e-05,1.00227e-06,1.97586e-05,,4.98751e-05,8.11595e-05,0.0001413,,4e-05,2.2e-06
1.06527e-05,8.85528e-07,1.97087e-05,,5.44981e-05,7.28974e-05,0.000126327,,4e-05,-3.6e-06
1.0792e-05,7.73321e-07,1.96608e-05,,6.29756e-05,9.25117e-05,0.000134104,,4e-05,7.8e-06
1.09309e-05,6.65619e-07,1.9615e-05,,3.30281e-05,7.19175e-05,0.000138948,,4e-05,-6e-07
1.1069e-05,5.62388e-07,1.95713e-05,,2.75886e-05,6.07655e-05,0.000127946,,4e-05,1.2e-06
1.12063e-05,4.6359e-07,1.95301e-05,,2.34603e-05,6.54279e-05,0.000119328,,4e-05,-9.4e-06
1.13426e-05,3.69188e-07,1.94913e-05,,2.59094e-05,8.09933e-05,0.000130598,,4e-05,-8.8e-06
1.14777e-05,2.79133e-07,1.94553e-05,,3.48386e-05,8.61724e-05,0.000131865,,4e-05,6e-06
1.16112e-05,1.93373e-07,1.9422e-05,,3.03163e-05,8.19255e-05,0.000127022,,4e-05,-3.6e-06
1.17432e-05,1.1185e-07,1.93918e-05,,5.17746e-05,7.66673e-05,0.000134958,,4e-05,-3.6e-06
1.18732e-05,3.45017e-08,1.93646e-05,,6.14302e-05,9.13258e-05,0.000124731,,4e-05,1.6e-06
1.20011e-05,-3.87504e-08,1.93407e-05,,4.12927e-05,7.74791e-05,0.000125661,,4e-05,-6.6e-06
1.21267e-05,-1.07986e-07,1.93203e-05,,4.34027e-05,7.20836e-05,0.000146088,,4e-05,9e-06
1.22496e-05,-1.73302e-07,1.93033e-05,,4.86033e-05,7.3273e-05,0.000131796,,4e-05,8.4e-06
1.23697e-05,-2.34799e-07,1.929e-05,,4.59711e-05,9.35341e-05,0.000144145,,4e-05,9.2e-06
1.24866e-05,-2.92593e-07,1.92805e-05,,3.03236e-05,8.63652e-05,0.000141029,,4e-05,5.6e-06
1.26001e-05,-3.4681e-07,1.9275e-05,,3.07002e-05,8.20638e-05,0.000132505,,4e-05,9.6e-06
1.271e-05,-3.97585e-07,1.92734e-05,,4.04918e-05,8.64523e-05,0.000136197,,4e-05,0
1.28158e-05,-4.45071e-07,1.9276e-05,,5.45658e-05,8.55245e-05,0.000130288,,4e-05,-2.2e-06
1.29174e-05,-4.89426e-07,1.92828e-05,,5.93024e-05,0.000103977,0.00013228,,4e-05,9e-06
1.30144e-05,-5.30824e-07,1.92939e-05,,5.26059e-05,8.29182e-05,0.000146745,,4e-05,8.8e-06
1.31067e-05,-5.69451e-07,1.93094e-05,,4.48584e-05,6.26554e-05,0.00012904,,4e-05,-1.8e-06
1.31937e-05,-6.05501e-07,1.93295e-05,,4.53879e-05,7.3401e-05,0.000120477,,4e-05,-5e-06
1.32754e-05,-6.39184e-07,1.93541e-05,,2.46602e-05,7.75136e-05,0.000133341,,4e-05,-5.6e-06
1.33514e-05,-6.70714e-07,1.93833e-05,,2.5474e-05,7.34177e-05,0.000135186,,4e-05,7.4e-06
1.34214e-05,-7.00322e-07,1.94173e-05,,1.9963e-05,6.75244e-05,0.000120006,,4e-05,-5.8e-06
1.34851e-05,-7.28244e-07,1.9456e-05,,5.20355e-05,9.86279e-05,0.000146051,,4e-05,6.6e-06
1.35424e-05,-7.54724e-07,1.94995e-05,,5.25775e-05,9.77438e-05,0.000132649,,4e-05,7e-06
1.35928e-05,-7.80016e-07,1.95478e-05,,4.98934e-05,9.83521e-05,0.00013825,,4e-05,9e-06
1.36362e-05,-8.0438e-07,1.9601e-05,,5.69477e-05,7.56423e-05,0.000145993,,4e-05,6.6e-06
1.36723e-05,-8.28081e-07,1.96591e-05,,6.4989e-05,8.40373e-05,0.000130453,,4e-05,5.8e-06
1.37009e-05,-8.5139e-07,1.9722e-05,,4.85366e-05,8.51826e-05,0.000130549,,4e-05,0
1.37218e-05,-8.74575e-07,1.97898e-05,,1.74259e-05,6.43372e-05,0.000132421,,4e-05,-6.2e-06
1.37346e-05,-8.97917e-07,1.98625e-05,,1.99757e-05,5.53959e-05,0.000118563,,4e-05,-3.6e-06
1.37393e-05,-9.21689e-07,1.99401e-05,,3.22897e-05,8.15218e-05,0.000131594,,4e-05,-1.6e-06
1.37357e-05,-9.46167e-07,2.00224e-05,,4.83783e-05,0.000100985,0.000146644,,4e-05,9.2e-06
1.37235e-05,-9.71627e-07,2.01096e-05,,3.07402e-05,8.54126e-05,0.000123281,,4e-05,0
1.37026e-05,-9.98338e-07,2.02015e-05,,4.47655e-05,8.6478e-05,0.000139156,,4e-05,3.4e-06
1.3673e-05,-1.02657e-06,2.02982e-05,,6.1707e-05,7.74589e-05,0.000137208,,4e-05,1.6e-06
1.36343e-05,-1.05658e-06,2.03994e-05,,5.55909e-05,8.60774e-05,0.000116671,,4e-05,-5.4e-06
