Magnetic Field.X,Magnetic Field.Y,Magnetic Field.Z,,Measured Magnetic Field Vector.X,Measured Magnetic Field Vector.Y,Magnetic Field Vector.Z,,,Declination,Geocentric Latitude,Geodetic Latitude,Altitude
-1552,2.66E+04,-2.61E+04,,-1.53E-06,2.66E-05,-2.61E-05,,,-51.55,-51.55,-51.72,434.3
2.10E+04,-5774,-3.08E+04,,2.10E-05,-5.79E-06,-3.08E-05,,,-51.51,-51.51,-51.68,434.3
-8325,-2.63E+04,-2.62E+04,,-8.33E-06,-2.63E-05,-2.62E-05,,,-51.46,-51.46,-51.63,434.2
-1.91E+04,8582,-3.22E+04,,-1.91E-05,8.58E-06,-3.22E-05,,,-51.4,-51.4,-51.58,434.2
1.51E+04,2.60E+04,-2.44E+04,,1.51E-05,2.60E-05,-2.45E-05,,,-51.33,-51.33,-51.51,434.2
1.00E+04,-1.38E+04,-3.52E+04,,1.00E-05,-1.38E-05,-3.52E-05,,,-51.26,-51.26,-51.43,434.2
-1.76E+04,-2.96E+04,-1.93E+04,,-1.75E-05,-2.96E-05,-1.93E-05,,,-51.17,-51.17,-51.35,434.1
-552.8,2.07E+04,-3.40E+04,,-5.48E-07,2.07E-05,-3.40E-05,,,-51.08,-51.08,-51.25,434.1
1.09E+04,3.25E+04,-2.09E+04,,1.08E-05,3.25E-05,-2.09E-05,,,-50.97,-50.97,-51.15,434.1
-5864,-3.14E+04,-2.49E+04,,-5.86E-06,-3.14E-05,-2.49E-05,,,-50.86,-50.86,-51.04,434
-2338,-2.98E+04,-2.78E+04,,-2.34E-06,-2.98E-05,-2.78E-05,,,-50.74,-50.74,-50.92,434
-1251,3.77E+04,-1.64E+04,,-1.24E-06,3.77E-05,-1.64E-05,,,-50.61,-50.61,-50.79,433.9
-403.9,1.62E+04,-3.82E+04,,-3.79E-07,1.62E-05,-3.82E-05,,,-50.47,-50.47,-50.65,433.9
1.44E+04,-3.57E+04,-1.64E+04,,1.44E-05,-3.56E-05,-1.64E-05,,,-50.33,-50.33,-50.5,433.8
-1.31E+04,-5174,-3.97E+04,,-1.31E-05,-5.15E-06,-3.97E-05,,,-50.17,-50.17,-50.35,433.7
-1.81E+04,2.48E+04,-2.92E+04,,-1.81E-05,2.48E-05,-2.92E-05,,,-50.01,-50.01,-50.19,433.7
2.65E+04,9674,-3.21E+04,,2.65E-05,9.67E-06,-3.21E-05,,,-49.84,-49.84,-50.02,433.6
545.3,-2.07E+04,-3.77E+04,,5.55E-07,-2.07E-05,-3.77E-05,,,-49.66,-49.66,-49.84,433.5
-2.22E+04,-2.91E+04,-2.33E+04,,-2.21E-05,-2.91E-05,-2.33E-05,,,-49.47,-49.47,-49.65,433.5
1.33E+04,3.04E+04,-2.83E+04,,1.33E-05,3.04E-05,-2.83E-05,,,-49.28,-49.28,-49.46,433.4
-1166,3.20E+04,-3.01E+04,,-1.16E-06,3.19E-05,-3.01E-05,,,-49.08,-49.08,-49.26,433.3
598.5,-4.24E+04,-1.23E+04,,6.12E-07,-4.24E-05,-1.23E-05,,,-48.87,-48.87,-49.05,433.2
3128,-1.32E+04,-4.23E+04,,3.15E-06,-1.32E-05,-4.23E-05,,,-48.65,-48.65,-48.83,433.1
-2.62E+04,2.95E+04,-2.11E+04,,-2.62E-05,2.95E-05,-2.11E-05,,,-48.43,-48.43,-48.61,433.1
2.21E+04,6868,-3.86E+04,,2.21E-05,6.85E-06,-3.85E-05,,,-48.2,-48.2,-48.38,433
1.39E+04,-8409,-4.22E+04,,1.39E-05,-8.43E-06,-4.22E-05,,,-47.96,-47.96,-48.14,432.9
-2.67E+04,-3.36E+04,-1.49E+04,,-2.67E-05,-3.36E-05,-1.49E-05,,,-47.71,-47.71,-47.89,432.8
1.26E+04,1.88E+04,-3.97E+04,,1.26E-05,1.88E-05,-3.97E-05,,,-47.46,-47.46,-47.64,432.7
-9875,4.20E+04,-1.58E+04,,-9.86E-06,4.20E-05,-1.58E-05,,,-47.2,-47.2,-47.38,432.6
7786,-3.94E+04,-2.27E+04,,7.80E-06,-3.94E-05,-2.27E-05,,,-46.94,-46.94,-47.12,432.4
1.02E+04,-1.78E+04,-4.15E+04,,1.02E-05,-1.78E-05,-4.15E-05,,,-46.67,-46.67,-46.85,432.3
-3.77E+04,4022,-2.71E+04,,-3.77E-05,4.03E-06,-2.71E-05,,,-46.39,-46.39,-46.57,432.2
2.72E+04,2.04E+04,-3.21E+04,,2.72E-05,2.04E-05,-3.21E-05,,,-46.1,-46.1,-46.28,432.1
798.1,2.21E+04,-4.14E+04,,8.01E-07,2.21E-05,-4.14E-05,,,-45.81,-45.81,-45.99,432
-5234,-4.68E+04,101.6,,-5.25E-06,-4.68E-05,8.75E-08,,,-45.52,-45.52,-45.7,431.9
5497,1.49E+04,-4.45E+04,,5.47E-06,1.49E-05,-4.45E-05,,,-45.22,-45.22,-45.4,431.7
-3.16E+04,2.29E+04,-2.69E+04,,-3.16E-05,2.29E-05,-2.69E-05,,,-44.91,-44.91,-45.09,431.6
3.92E+04,344.3,-2.69E+04,,3.92E-05,3.51E-07,-2.69E-05,,,-44.59,-44.59,-44.77,431.5
-1.52E+04,-9855,-4.41E+04,,-1.52E-05,-9.87E-06,-4.42E-05,,,-44.28,-44.28,-44.46,431.4
-2863,-4.56E+04,-1.40E+04,,-2.88E-06,-4.57E-05,-1.40E-05,,,-43.95,-43.95,-44.13,431.2
7686,4.64E+04,-9295,,7.70E-06,4.64E-05,-9.29E-06,,,-43.62,-43.62,-43.8,431.1
-1.56E+04,5238,-4.52E+04,,-1.56E-05,5.24E-06,-4.52E-05,,,-43.29,-43.29,-43.47,431
4.02E+04,-9630,-2.47E+04,,4.02E-05,-9.64E-06,-2.47E-05,,,-42.95,-42.95,-43.13,430.8
-4.01E+04,-1.55E+04,-2.18E+04,,-4.02E-05,-1.55E-05,-2.19E-05,,,-42.6,-42.6,-42.78,430.7
1.55E+04,-6170,-4.54E+04,,1.55E-05,-6.16E-06,-4.54E-05,,,-42.26,-42.26,-42.44,430.5
-1.44E+04,4.62E+04,-401.7,,-1.44E-05,4.62E-05,-4.41E-07,,,-41.9,-41.9,-42.08,430.4
1.07E+04,-4.31E+04,-1.95E+04,,1.07E-05,-4.31E-05,-1.95E-05,,,-41.54,-41.54,-41.72,430.2
6924,-1966,-4.80E+04,,6.93E-06,-1.95E-06,-4.80E-05,,,-41.18,-41.18,-41.36,430.1
-3.33E+04,-2.73E+04,-2.25E+04,,-3.33E-05,-2.73E-05,-2.25E-05,,,-40.81,-40.81,-40.99,429.9
3.32E+04,3.52E+04,-4230,,3.32E-05,3.52E-05,-4.25E-06,,,-40.44,-40.44,-40.62,429.8
-2.64E+04,-5452,-4.05E+04,,-2.64E-05,-5.49E-06,-4.05E-05,,,-40.07,-40.07,-40.25,429.6
3.93E+04,-2.43E+04,-1.52E+04,,3.93E-05,-2.43E-05,-1.53E-05,,,-39.69,-39.69,-39.87,429.5
-4.46E+04,9218,-1.71E+04,,-4.46E-05,9.17E-06,-1.71E-05,,,-39.31,-39.31,-39.48,429.3
2.80E+04,3407,-3.97E+04,,2.80E-05,3.40E-06,-3.97E-05,,,-38.92,-38.92,-39.1,429.2
-1.77E+04,4.10E+04,-1.92E+04,,-1.77E-05,4.11E-05,-1.93E-05,,,-38.53,-38.53,-38.7,429
1.77E+04,-4.43E+04,9278,,1.77E-05,-4.43E-05,9.23E-06,,,-38.13,-38.13,-38.31,428.8
-1.88E+04,2.36E+04,-3.81E+04,,-1.88E-05,2.36E-05,-3.82E-05,,,-37.74,-37.74,-37.91,428.7
-6506,-1.66E+04,-4.52E+04,,-6.53E-06,-1.66E-05,-4.52E-05,,,-37.33,-37.33,-37.51,428.5
8856,4.75E+04,4231,,8.81E-06,4.75E-05,4.22E-06,,,-36.93,-36.93,-37.1,428.3
-1.09E+04,-4.70E+04,4034,,-1.09E-05,-4.70E-05,4.02E-06,,,-36.52,-36.52,-36.69,428.2
8656,1.60E+04,-4.48E+04,,8.65E-06,1.60E-05,-4.49E-05,,,-36.11,-36.11,-36.28,428
-2.95E+04,-2.04E+04,-3.23E+04,,-2.96E-05,-2.04E-05,-3.23E-05,,,-35.7,-35.7,-35.87,427.8
2.70E+04,3.86E+04,1.03E+04,,2.70E-05,3.86E-05,1.03E-05,,,-35.28,-35.28,-35.45,427.7
-2.55E+04,-4.04E+04,-5825,,-2.56E-05,-4.04E-05,-5.83E-06,,,-34.86,-34.86,-35.03,427.5
2.29E+04,9069,-4.13E+04,,2.28E-05,9.09E-06,-4.13E-05,,,-34.43,-34.43,-34.6,427.3
-3.73E+04,-2.01E+04,-2.25E+04,,-3.73E-05,-2.01E-05,-2.25E-05,,,-34.01,-34.01,-34.17,427.2
3.24E+04,3.31E+04,1.20E+04,,3.24E-05,3.31E-05,1.20E-05,,,-33.58,-33.58,-33.74,427
-2.87E+04,-3.75E+04,-6775,,-2.87E-05,-3.74E-05,-6.76E-06,,,-33.15,-33.15,-33.31,426.8
2.41E+04,1.12E+04,-3.94E+04,,2.41E-05,1.12E-05,-3.94E-05,,,-32.71,-32.71,-32.88,426.6
-3.45E+04,-2.44E+04,-2.16E+04,,-3.46E-05,-2.44E-05,-2.16E-05,,,-32.28,-32.28,-32.44,426.5
2.64E+04,3.56E+04,1.65E+04,,2.64E-05,3.55E-05,1.65E-05,,,-31.84,-31.84,-32,426.3
-2.20E+04,-4.16E+04,2627,,-2.21E-05,-4.16E-05,2.64E-06,,,-31.39,-31.39,-31.55,426.1
1.21E+04,2.18E+04,-3.98E+04,,1.20E-05,2.18E-05,-3.98E-05,,,-30.95,-30.95,-31.11,425.9
-1.90E+04,-3.11E+04,-2.93E+04,,-1.90E-05,-3.12E-05,-2.93E-05,,,-30.5,-30.5,-30.66,425.8
5639,4.25E+04,1.83E+04,,5.61E-06,4.25E-05,1.83E-05,,,-30.05,-30.05,-30.21,425.6
659.2,-4.29E+04,1.77E+04,,6.35E-07,-4.29E-05,1.78E-05,,,-29.6,-29.6,-29.76,425.4
-1.61E+04,3.16E+04,-2.97E+04,,-1.61E-05,3.16E-05,-2.97E-05,,,-29.15,-29.15,-29.3,425.2
1.44E+04,-2.58E+04,-3.53E+04,,1.44E-05,-2.58E-05,-3.53E-05,,,-28.7,-28.7,-28.85,425.1
-2.76E+04,3.66E+04,1979,,-2.76E-05,3.66E-05,2.02E-06,,,-28.24,-28.24,-28.39,424.9
3.58E+04,-2.33E+04,1.62E+04,,3.58E-05,-2.33E-05,1.62E-05,,,-27.78,-27.78,-27.93,424.7
-4.33E+04,1.39E+04,772.7,,-4.33E-05,1.39E-05,7.83E-07,,,-27.32,-27.32,-27.47,424.5
4.39E+04,3890,-1.03E+04,,4.39E-05,3.87E-06,-1.03E-05,,,-26.86,-26.86,-27,424.4
-3.90E+04,-9003,-2.06E+04,,-3.91E-05,-9.01E-06,-2.05E-05,,,-26.39,-26.39,-26.54,424.2
3.64E+04,1.47E+04,-2.16E+04,,3.64E-05,1.47E-05,-2.15E-05,,,-25.92,-25.92,-26.07,424
-2.35E+04,-3.69E+04,8661,,-2.35E-05,-3.69E-05,8.69E-06,,,-25.46,-25.46,-25.6,423.9
8521,3.20E+04,2.95E+04,,8.47E-06,3.21E-05,2.95E-05,,,-24.99,-24.99,-25.13,423.7
9171,-4.29E+04,4565,,9.16E-06,-4.29E-05,4.56E-06,,,-24.52,-24.52,-24.65,423.5
-2.79E+04,2.38E+04,-2.41E+04,,-2.79E-05,2.38E-05,-2.41E-05,,,-24.04,-24.04,-24.18,423.3
3.55E+04,-1.81E+04,-1.78E+04,,3.55E-05,-1.81E-05,-1.78E-05,,,-23.57,-23.57,-23.7,423.2
-4.30E+04,3217,-5268,,-4.30E-05,3.23E-06,-5.30E-06,,,-23.09,-23.09,-23.22,423
3.87E+04,1.90E+04,76.37,,3.87E-05,1.90E-05,6.73E-08,,,-22.62,-22.62,-22.74,422.8
-2.11E+04,-2.57E+04,2.71E+04,,-2.11E-05,-2.57E-05,2.71E-05,,,-22.14,-22.14,-22.26,422.7
7841,3.31E+04,2.57E+04,,7.81E-06,3.32E-05,2.57E-05,,,-21.66,-21.66,-21.78,422.5
1.83E+04,-3.72E+04,-8686,,1.82E-05,-3.72E-05,-8.67E-06,,,-21.18,-21.18,-21.3,422.4
-3.43E+04,1.81E+04,-1.64E+04,,-3.43E-05,1.82E-05,-1.64E-05,,,-20.69,-20.69,-20.81,422.2
4.07E+04,-1616,-9836,,4.06E-05,-1.62E-06,-9.84E-06,,,-20.21,-20.21,-20.33,422
-3.51E+04,-1.83E+04,-1.29E+04,,-3.51E-05,-1.83E-05,-1.29E-05,,,-19.73,-19.73,-19.84,421.9
1.44E+04,3.85E+04,4330,,1.43E-05,3.85E-05,4.33E-06,,,-19.24,-19.24,-19.35,421.7
1.25E+04,-2.45E+04,3.05E+04,,1.25E-05,-2.45E-05,3.05E-05,,,-18.75,-18.75,-18.86,421.6
-2.69E+04,1.96E+04,2.36E+04,,-2.69E-05,1.96E-05,2.36E-05,,,-18.26,-18.26,-18.37,421.4
3.79E+04,-6698,1.28E+04,,3.78E-05,-6.72E-06,1.28E-05,,,-17.77,-17.77,-17.88,421.3
-3.28E+04,-1.66E+04,1.64E+04,,-3.28E-05,-1.66E-05,1.64E-05,,,-17.28,-17.28,-17.39,421.1
7132,3.81E+04,-9822,,7.08E-06,3.81E-05,-9.82E-06,,,-16.79,-16.79,-16.89,421
1.87E+04,-2.98E+04,-1.85E+04,,1.86E-05,-2.98E-05,-1.85E-05,,,-16.3,-16.3,-16.4,420.8
-3.76E+04,1.18E+04,-1991,,-3.76E-05,1.18E-05,-2.01E-06,,,-15.81,-15.81,-15.9,420.7
3.44E+04,1.69E+04,-8041,,3.44E-05,1.69E-05,-8.06E-06,,,-15.31,-15.31,-15.41,420.5
-1.20E+04,-3.69E+04,2009,,-1.20E-05,-3.69E-05,1.98E-06,,,-14.82,-14.82,-14.91,420.4
-1.86E+04,2.19E+04,2.58E+04,,-1.86E-05,2.19E-05,2.57E-05,,,-14.32,-14.32,-14.41,420.2
3.19E+04,-2033,2.12E+04,,3.19E-05,-2.04E-06,2.12E-05,,,-13.83,-13.83,-13.91,420.1
-2.67E+04,-9356,2.55E+04,,-2.67E-05,-9.39E-06,2.55E-05,,,-13.33,-13.33,-13.41,420
1.10E+04,1.68E+04,3.20E+04,,1.10E-05,1.68E-05,3.20E-05,,,-12.83,-12.83,-12.91,419.8
1.48E+04,-2.90E+04,1.87E+04,,1.48E-05,-2.90E-05,1.87E-05,,,-12.33,-12.33,-12.41,419.7
-3.33E+04,1.34E+04,9903,,-3.34E-05,1.33E-05,9.89E-06,,,-11.83,-11.83,-11.91,419.6
2.92E+04,1.73E+04,1.47E+04,,2.92E-05,1.73E-05,1.47E-05,,,-11.34,-11.34,-11.4,419.4
1832,-3.62E+04,-5663,,1.82E-06,-3.63E-05,-5.64E-06,,,-10.83,-10.83,-10.9,419.3
-2.88E+04,2.19E+04,-4820,,-2.88E-05,2.18E-05,-4.80E-06,,,-10.33,-10.33,-10.4,419.2
3.40E+04,1.25E+04,951.8,,3.39E-05,1.24E-05,9.63E-07,,,-9.832,-9.832,-9.893,419.1
-9650,-3.23E+04,-1.25E+04,,-9.64E-06,-3.23E-05,-1.25E-05,,,-9.33,-9.33,-9.388,419
-2.20E+04,2.81E+04,-214.9,,-2.20E-05,2.80E-05,-2.14E-07,,,-8.828,-8.828,-8.883,418.8
3.43E+04,8035,3318,,3.44E-05,8.03E-06,3.34E-06,,,-8.325,-8.325,-8.377,418.7
-1.56E+04,-3.14E+04,-2662,,-1.56E-05,-3.14E-05,-2.64E-06,,,-7.822,-7.822,-7.871,418.6
-1.86E+04,2.48E+04,1.61E+04,,-1.86E-05,2.48E-05,1.61E-05,,,-7.318,-7.318,-7.364,418.5
3.17E+04,8038,1.15E+04,,3.17E-05,8.01E-06,1.14E-05,,,-6.814,-6.814,-6.857,418.4
-1.48E+04,-2.80E+04,1.35E+04,,-1.48E-05,-2.81E-05,1.35E-05,,,-6.309,-6.309,-6.349,418.3
-1.53E+04,1.48E+04,2.68E+04,,-1.53E-05,1.48E-05,2.68E-05,,,-5.805,-5.805,-5.841,418.2
2.76E+04,7292,1.84E+04,,2.76E-05,7.24E-06,1.84E-05,,,-5.3,-5.3,-5.333,418.1
-1.17E+04,-1.88E+04,2.55E+04,,-1.17E-05,-1.88E-05,2.55E-05,,,-4.794,-4.794,-4.824,418
-1.25E+04,8885,2.98E+04,,-1.25E-05,8.87E-06,2.98E-05,,,-4.289,-4.289,-4.316,417.9
2.43E+04,4102,2.24E+04,,2.43E-05,4.10E-06,2.23E-05,,,-3.783,-3.783,-3.807,417.8
-9383,-1.07E+04,2.99E+04,,-9.41E-06,-1.06E-05,2.99E-05,,,-3.277,-3.277,-3.297,417.8
-1.22E+04,8556,2.93E+04,,-1.22E-05,8.57E-06,2.93E-05,,,-2.771,-2.771,-2.788,417.7
2.27E+04,1257,2.35E+04,,2.27E-05,1.27E-06,2.35E-05,,,-2.264,-2.264,-2.278,417.6
-6274,-8077,3.08E+04,,-6.27E-06,-8.08E-06,3.08E-05,,,-1.758,-1.758,-1.769,417.5
-1.52E+04,1.02E+04,2.66E+04,,-1.52E-05,1.02E-05,2.66E-05,,,-1.251,-1.251,-1.259,417.4
2.07E+04,1833,2.45E+04,,2.07E-05,1.86E-06,2.45E-05,,,-0.7445,-0.7445,-0.7492,417.4
-290,-9557,3.04E+04,,-2.82E-07,-9.55E-06,3.04E-05,,,-0.2378,-0.2378,-0.2393,417.3
-1.97E+04,8807,2.33E+04,,-1.97E-05,8.81E-06,2.32E-05,,,0.2689,0.2689,0.2706,417.2
1.56E+04,5268,2.69E+04,,1.56E-05,5.27E-06,2.69E-05,,,0.7756,0.7756,0.7805,417.2
8719,-1.12E+04,2.80E+04,,8.73E-06,-1.12E-05,2.80E-05,,,1.282,1.282,1.29,417.1
-2.14E+04,2397,2.27E+04,,-2.13E-05,2.39E-06,2.27E-05,,,1.789,1.789,1.8,417.1
5871,9123,2.91E+04,,5.89E-06,9.13E-06,2.91E-05,,,2.295,2.295,2.31,417
1.83E+04,-7840,2.37E+04,,1.83E-05,-7.84E-06,2.37E-05,,,2.802,2.802,2.82,416.9
-1.57E+04,-6166,2.58E+04,,-1.57E-05,-6.18E-06,2.58E-05,,,3.308,3.308,3.329,416.9
-8202,9639,2.79E+04,,-8.21E-06,9.65E-06,2.80E-05,,,3.814,3.814,3.838,416.9
2.21E+04,3528,2.08E+04,,2.21E-05,3.55E-06,2.08E-05,,,4.32,4.32,4.348,416.8
-1139,-1.13E+04,2.82E+04,,-1.14E-06,-1.13E-05,2.82E-05,,,4.826,4.826,4.856,416.8
-2.11E+04,1603,2.17E+04,,-2.11E-05,1.60E-06,2.17E-05,,,5.332,5.332,5.365,416.7
1.28E+04,1.69E+04,2.16E+04,,1.28E-05,1.69E-05,2.16E-05,,,5.837,5.837,5.874,416.7
1.74E+04,-7475,2.34E+04,,1.74E-05,-7.48E-06,2.34E-05,,,6.342,6.342,6.382,416.7
-2.21E+04,-1.53E+04,1.33E+04,,-2.21E-05,-1.53E-05,1.33E-05,,,6.847,6.847,6.89,416.6
-8672,1.98E+04,2.07E+04,,-8.66E-06,1.98E-05,2.07E-05,,,7.351,7.351,7.397,416.6
2.74E+04,7345,9308,,2.74E-05,7.35E-06,9.31E-06,,,7.855,7.855,7.904,416.6
-3917,-2.87E+04,7210,,-3.94E-06,-2.86E-05,7.21E-06,,,8.359,8.359,8.411,416.6
-2.74E+04,5044,1.04E+04,,-2.74E-05,5.06E-06,1.04E-05,,,8.862,8.862,8.917,416.6
1.54E+04,2.47E+04,-6066,,1.54E-05,2.47E-05,-6.07E-06,,,9.365,9.365,9.423,416.5
2.24E+04,-1.92E+04,2988,,2.24E-05,-1.92E-05,3.01E-06,,,9.867,9.867,9.928,416.5
-2.23E+04,-1.85E+04,-6244,,-2.23E-05,-1.85E-05,-6.23E-06,,,10.37,10.37,10.43,416.5
-1.43E+04,2.43E+04,-8914,,-1.43E-05,2.43E-05,-8.90E-06,,,10.87,10.87,10.94,416.5
2.70E+04,1.18E+04,-1533,,2.71E-05,1.18E-05,-1.51E-06,,,11.37,11.37,11.44,416.5
8392,-2.61E+04,-1.09E+04,,8.42E-06,-2.61E-05,-1.09E-05,,,11.87,11.87,11.94,416.5
-2.90E+04,-2195,4727,,-2.90E-05,-2.19E-06,4.78E-06,,,12.37,12.37,12.45,416.5
-2251,2.94E+04,312.8,,-2.24E-06,2.94E-05,3.81E-07,,,12.87,12.87,12.95,416.5
2.82E+04,-4198,7283,,2.83E-05,-4.18E-06,7.34E-06,,,13.37,13.37,13.45,416.5
-2882,-2.27E+04,1.85E+04,,-2.87E-06,-2.27E-05,1.85E-05,,,13.87,13.87,13.95,416.5
-2.61E+04,4719,1.29E+04,,-2.61E-05,4.74E-06,1.29E-05,,,14.36,14.36,14.45,416.5
2183,1.78E+04,2.34E+04,,2.17E-06,1.78E-05,2.34E-05,,,14.86,14.86,14.95,416.6
2.72E+04,555.1,1.15E+04,,2.72E-05,5.57E-07,1.15E-05,,,15.35,15.35,15.45,416.6
-109,-2.53E+04,1.53E+04,,-8.95E-08,-2.53E-05,1.53E-05,,,15.85,15.85,15.94,416.6
-2.93E+04,11.92,4159,,-2.93E-05,-2.52E-09,4.20E-06,,,16.34,16.34,16.44,416.6
2760,2.82E+04,-8437,,2.78E-06,2.82E-05,-8.42E-06,,,16.83,16.83,16.93,416.6
2.91E+04,-1572,-5606,,2.91E-05,-1.62E-06,-5.63E-06,,,17.33,17.33,17.43,416.7
424.8,-2.31E+04,-1.86E+04,,4.29E-07,-2.32E-05,-1.86E-05,,,17.82,17.82,17.92,416.7
-2.93E+04,-3057,-4270,,-2.93E-05,-3.07E-06,-4.29E-06,,,18.31,18.31,18.41,416.7
-5984,2.79E+04,-8678,,-6.00E-06,2.78E-05,-8.71E-06,,,18.8,18.8,18.91,416.8
2.89E+04,4908,5669,,2.89E-05,4.92E-06,5.61E-06,,,19.28,19.28,19.4,416.8
8827,-2.50E+04,1.39E+04,,8.85E-06,-2.50E-05,1.38E-05,,,19.77,19.77,19.88,416.8
-2.52E+04,-1.19E+04,1.09E+04,,-2.52E-05,-1.20E-05,1.09E-05,,,20.26,20.26,20.37,416.9
-1.71E+04,2.01E+04,1.45E+04,,-1.71E-05,2.00E-05,1.45E-05,,,20.74,20.74,20.86,416.9
2.32E+04,1.75E+04,-7908,,2.32E-05,1.75E-05,-7.88E-06,,,21.22,21.22,21.34,417
2.21E+04,-1.98E+04,-5495,,2.21E-05,-1.98E-05,-5.48E-06,,,21.7,21.7,21.83,417
-1.36E+04,-1.72E+04,-2.09E+04,,-1.36E-05,-1.72E-05,-2.09E-05,,,22.18,22.18,22.31,417
-2.71E+04,4516,-1.28E+04,,-2.72E-05,4.50E-06,-1.29E-05,,,22.66,22.66,22.79,417.1
2011,2.92E+04,-8575,,2.02E-06,2.92E-05,-8.57E-06,,,23.14,23.14,23.27,417.1
3.03E+04,3547,981,,3.03E-05,3.57E-06,9.65E-07,,,23.62,23.62,23.75,417.2
8271,-2.59E+04,1.41E+04,,8.30E-06,-2.59E-05,1.41E-05,,,24.09,24.09,24.23,417.3
-2.70E+04,-1.47E+04,413.6,,-2.69E-05,-1.47E-05,4.17E-07,,,24.57,24.57,24.7,417.3
-2.04E+04,2.31E+04,1378,,-2.04E-05,2.31E-05,1.39E-06,,,25.04,25.04,25.18,417.4
1.56E+04,1.41E+04,-2.27E+04,,1.56E-05,1.41E-05,-2.27E-05,,,25.51,25.51,25.65,417.4
2.51E+04,-4226,-1.77E+04,,2.51E-05,-4.21E-06,-1.77E-05,,,25.98,25.98,26.12,417.5
4385,-2.40E+04,-1.94E+04,,4.40E-06,-2.39E-05,-1.94E-05,,,26.44,26.44,26.59,417.6
-2.84E+04,-1.32E+04,914.6,,-2.84E-05,-1.32E-05,9.25E-07,,,26.91,26.91,27.06,417.6
-1.79E+04,2.52E+04,5535,,-1.80E-05,2.52E-05,5.53E-06,,,27.37,27.37,27.52,417.7
1.87E+04,2.53E+04,-1717,,1.87E-05,2.53E-05,-1.74E-06,,,27.84,27.84,27.98,417.8
2.69E+04,-1.48E+04,-7608,,2.69E-05,-1.48E-05,-7.64E-06,,,28.3,28.3,28.45,417.8
-857.3,-1.63E+04,-2.73E+04,,-8.62E-07,-1.63E-05,-2.73E-05,,,28.75,28.75,28.91,417.9
-2.23E+04,-1.40E+04,-1.81E+04,,-2.22E-05,-1.40E-05,-1.80E-05,,,29.21,29.21,29.36,418
-2.47E+04,1.16E+04,-1.68E+04,,-2.47E-05,1.16E-05,-1.68E-05,,,29.66,29.66,29.82,418
1.09E+04,2.95E+04,6770,,1.09E-05,2.95E-05,6.75E-06,,,30.11,30.11,30.27,418.1
3.12E+04,-4149,-7202,,3.12E-05,-4.16E-06,-7.24E-06,,,30.56,30.56,30.72,418.2
7800,-2.97E+04,-1.03E+04,,7.79E-06,-2.97E-05,-1.04E-05,,,31.01,31.01,31.17,418.3
-1.69E+04,-5523,-2.73E+04,,-1.69E-05,-5.52E-06,-2.73E-05,,,31.46,31.46,31.62,418.3
-2.46E+04,-3992,-2.11E+04,,-2.46E-05,-4.01E-06,-2.12E-05,,,31.9,31.9,32.06,418.4
-8326,2.88E+04,-1.33E+04,,-8.33E-06,2.88E-05,-1.33E-05,,,32.34,32.34,32.5,418.5
2.53E+04,2.09E+04,-3112,,2.53E-05,2.08E-05,-3.15E-06,,,32.78,32.78,32.94,418.6
2.38E+04,-2.25E+04,-4701,,2.38E-05,-2.25E-05,-4.73E-06,,,33.21,33.21,33.38,418.6
-6973,-1.73E+04,-2.75E+04,,-6.96E-06,-1.73E-05,-2.75E-05,,,33.64,33.64,33.81,418.7
-1.81E+04,-7314,-2.71E+04,,-1.81E-05,-7.30E-06,-2.71E-05,,,34.07,34.07,34.24,418.8
-2.52E+04,850,-2.21E+04,,-2.52E-05,8.54E-07,-2.21E-05,,,34.5,34.5,34.67,418.9
2352,3.36E+04,-650.1,,2.31E-06,3.36E-05,-6.56E-07,,,34.92,34.92,35.09,419
2.91E+04,5828,-1.62E+04,,2.91E-05,5.81E-06,-1.62E-05,,,35.35,35.35,35.52,419
1.52E+04,-2.43E+04,-1.82E+04,,1.52E-05,-2.43E-05,-1.82E-05,,,35.76,35.76,35.93,419.1
-1649,-4829,-3.37E+04,,-1.65E-06,-4.85E-06,-3.37E-05,,,36.18,36.18,36.35,419.2
-2.00E+04,-2.23E+04,-1.67E+04,,-2.00E-05,-2.23E-05,-1.67E-05,,,36.59,36.59,36.76,419.3
-2.70E+04,1.39E+04,-1.63E+04,,-2.70E-05,1.39E-05,-1.63E-05,,,37,37,37.17,419.4
3703,3.35E+04,-7743,,3.71E-06,3.35E-05,-7.74E-06,,,37.4,37.4,37.58,419.4
2.05E+04,-6907,-2.72E+04,,2.05E-05,-6.89E-06,-2.72E-05,,,37.81,37.81,37.98,419.5
1.52E+04,1938,-3.14E+04,,1.52E-05,1.95E-06,-3.14E-05,,,38.2,38.2,38.38,419.6
1.10E+04,-1.97E+04,-2.69E+04,,1.10E-05,-1.97E-05,-2.68E-05,,,38.6,38.6,38.78,419.7
-2.00E+04,-2.78E+04,-8360,,-2.00E-05,-2.77E-05,-8.36E-06,,,38.99,38.99,39.17,419.8
-2.41E+04,2.00E+04,-1.65E+04,,-2.41E-05,2.00E-05,-1.64E-05,,,39.38,39.38,39.56,419.9
-2041,1.04E+04,-3.39E+04,,-2.05E-06,1.05E-05,-3.39E-05,,,39.76,39.76,39.94,419.9
2010,1.00E+04,-3.42E+04,,2.00E-06,1.01E-05,-3.42E-05,,,40.14,40.14,40.32,420
2.43E+04,1.85E+04,-1.88E+04,,2.43E-05,1.85E-05,-1.88E-05,,,40.52,40.52,40.7,420.1
1.66E+04,-2.95E+04,-1.22E+04,,1.66E-05,-2.95E-05,-1.22E-05,,,40.89,40.89,41.07,420.2
-1.21E+04,-1.50E+04,-3.06E+04,,-1.21E-05,-1.49E-05,-3.06E-05,,,41.26,41.26,41.43,420.3
-1.03E+04,2366,-3.48E+04,,-1.03E-05,2.40E-06,-3.48E-05,,,41.62,41.62,41.8,420.3
-2.13E+04,-1.32E+04,-2.66E+04,,-2.13E-05,-1.31E-05,-2.66E-05,,,41.98,41.98,42.16,420.4
-8654,3.25E+04,-1.47E+04,,-8.66E-06,3.25E-05,-1.47E-05,,,42.33,42.33,42.51,420.5
1.92E+04,1.26E+04,-2.88E+04,,1.92E-05,1.26E-05,-2.88E-05,,,42.68,42.68,42.86,420.6
1.09E+04,-1.43E+04,-3.23E+04,,1.09E-05,-1.43E-05,-3.23E-05,,,43.02,43.02,43.2,420.6
1.34E+04,1.00E+04,-3.32E+04,,1.34E-05,1.00E-05,-3.32E-05,,,43.36,43.36,43.54,420.7
2646,-3.15E+04,-1.98E+04,,2.64E-06,-3.15E-05,-1.98E-05,,,43.7,43.7,43.88,420.8
-2.33E+04,-1.15E+04,-2.70E+04,,-2.33E-05,-1.15E-05,-2.70E-05,,,44.03,44.03,44.21,420.9
-1.09E+04,2.13E+04,-2.91E+04,,-1.09E-05,2.13E-05,-2.90E-05,,,44.35,44.35,44.53,420.9
-7422,-1.05E+04,-3.56E+04,,-7.47E-06,-1.05E-05,-3.56E-05,,,44.67,44.67,44.85,421
-1493,2.64E+04,-2.73E+04,,-1.54E-06,2.64E-05,-2.73E-05,,,44.98,44.98,45.16,421.1
2.26E+04,1.15E+04,-2.85E+04,,2.25E-05,1.15E-05,-2.85E-05,,,45.29,45.29,45.47,421.1
8885,-2.66E+04,-2.61E+04,,8.85E-06,-2.66E-05,-2.61E-05,,,45.59,45.59,45.77,421.2
303.2,8950,-3.74E+04,,2.86E-07,8.93E-06,-3.74E-05,,,45.89,45.89,46.07,421.3
1298,-1.93E+04,-3.34E+04,,1.30E-06,-1.94E-05,-3.35E-05,,,46.17,46.17,46.35,421.3
-2.13E+04,-1.59E+04,-2.82E+04,,-2.13E-05,-1.59E-05,-2.82E-05,,,46.46,46.46,46.64,421.4
-9704,2.79E+04,-2.54E+04,,-9.70E-06,2.79E-05,-2.54E-05,,,46.74,46.74,46.92,421.5
3387,-6710,-3.84E+04,,3.40E-06,-6.69E-06,-3.84E-05,,,47.01,47.01,47.19,421.5
-3996,7095,-3.84E+04,,-3.98E-06,7.08E-06,-3.84E-05,,,47.27,47.27,47.45,421.6
1.63E+04,2.04E+04,-2.96E+04,,1.63E-05,2.04E-05,-2.96E-05,,,47.53,47.53,47.71,421.7
1.05E+04,-2.72E+04,-2.69E+04,,1.05E-05,-2.72E-05,-2.69E-05,,,47.78,47.78,47.96,421.7
-7989,-1955,-3.89E+04,,-7.97E-06,-1.97E-06,-3.89E-05,,,48.02,48.02,48.2,421.8
2817,5222,-3.95E+04,,2.85E-06,5.19E-06,-3.95E-05,,,48.26,48.26,48.44,421.8
-1.11E+04,-2.46E+04,-2.97E+04,,-1.11E-05,-2.46E-05,-2.97E-05,,,48.49,48.49,48.67,421.9
-1.42E+04,1.97E+04,-3.21E+04,,-1.42E-05,1.96E-05,-3.21E-05,,,48.71,48.71,48.89,421.9
7325,1.29E+04,-3.76E+04,,7.33E-06,1.29E-05,-3.76E-05,,,48.93,48.93,49.11,422
-1150,-1.62E+04,-3.72E+04,,-1.16E-06,-1.63E-05,-3.71E-05,,,49.14,49.14,49.32,422
2435,2.15E+04,-3.45E+04,,2.43E-06,2.14E-05,-3.45E-05,,,49.34,49.34,49.52,422.1
1.49E+04,-5668,-3.77E+04,,1.49E-05,-5.70E-06,-3.76E-05,,,49.53,49.53,49.71,422.1
-5070,-2.42E+04,-3.27E+04,,-5.07E-06,-2.43E-05,-3.27E-05,,,49.71,49.71,49.89,422.2
-5393,1.72E+04,-3.71E+04,,-5.36E-06,1.72E-05,-3.71E-05,,,49.89,49.89,50.07,422.2
3317,-9240,-4.02E+04,,3.35E-06,-9.25E-06,-4.02E-05,,,50.06,50.06,50.24,422.2
-1.29E+04,-1.31E+04,-3.72E+04,,-1.29E-05,-1.31E-05,-3.72E-05,,,50.22,50.22,50.4,422.3
-2063,2.60E+04,-3.25E+04,,-2.08E-06,2.60E-05,-3.24E-05,,,50.37,50.37,50.55,422.3
1.01E+04,-7081,-3.99E+04,,1.01E-05,-7.10E-06,-3.99E-05,,,50.52,50.52,50.69,422.3
-4909,-1.23E+04,-3.98E+04,,-4.91E-06,-1.23E-05,-3.98E-05,,,50.65,50.65,50.83,422.4
3668,1.98E+04,-3.69E+04,,3.67E-06,1.98E-05,-3.69E-05,,,50.78,50.78,50.96,422.4
7595,-1.66E+04,-3.81E+04,,7.58E-06,-1.66E-05,-3.81E-05,,,50.9,50.9,51.07,422.4
-1.18E+04,-1.47E+04,-3.79E+04,,-1.18E-05,-1.47E-05,-3.80E-05,,,51.01,51.01,51.18,422.4
-4068,2.11E+04,-3.67E+04,,-4.06E-06,2.11E-05,-3.67E-05,,,51.11,51.11,51.28,422.5
3026,-9995,-4.13E+04,,3.02E-06,-9.99E-06,-4.14E-05,,,51.2,51.2,51.38,422.5
-1.01E+04,-6089,-4.11E+04,,-1.01E-05,-6.10E-06,-4.11E-05,,,51.28,51.28,51.46,422.5
3426,2.52E+04,-3.45E+04,,3.43E-06,2.52E-05,-3.45E-05,,,51.36,51.36,51.53,422.5
1.27E+04,-9964,-3.99E+04,,1.27E-05,-9.98E-06,-3.99E-05,,,51.42,51.42,51.6,422.5
-2665,-1.47E+04,-4.05E+04,,-2.66E-06,-1.47E-05,-4.05E-05,,,51.48,51.48,51.65,422.6
2854,1.50E+04,-4.05E+04,,2.87E-06,1.50E-05,-4.05E-05,,,51.52,51.52,51.7,422.6
5609,-1.69E+04,-3.96E+04,,5.61E-06,-1.69E-05,-3.96E-05,,,51.56,51.56,51.74,422.6
-1.38E+04,-1.87E+04,-3.68E+04,,-1.38E-05,-1.87E-05,-3.68E-05,,,51.59,51.59,51.77,422.6
-1.04E+04,1.90E+04,-3.79E+04,,-1.05E-05,1.90E-05,-3.78E-05,,,51.61,51.61,51.78,422.6
-247.1,-1296,-4.37E+04,,-2.74E-07,-1.27E-06,-4.37E-05,,,51.62,51.62,51.79,422.6
-1.08E+04,-7053,-4.19E+04,,-1.08E-05,-7.06E-06,-4.19E-05,,,51.62,51.62,51.79,422.6
-578.2,2.75E+04,-3.43E+04,,-5.85E-07,2.74E-05,-3.43E-05,,,51.61,51.61,51.79,422.6
1.60E+04,5960,-4.06E+04,,1.60E-05,5.96E-06,-4.06E-05,,,51.59,51.59,51.77,422.6
6612,-1.65E+04,-4.04E+04,,6.60E-06,-1.65E-05,-4.04E-05,,,51.57,51.57,51.74,422.6
6141,1.04E+04,-4.25E+04,,6.14E-06,1.04E-05,-4.25E-05,,,51.53,51.53,51.71,422.6
1.43E+04,-7590,-4.13E+04,,1.42E-05,-7.58E-06,-4.13E-05,,,51.48,51.48,51.66,422.6
-3080,-3.12E+04,-3.15E+04,,-3.10E-06,-3.11E-05,-3.15E-05,,,51.43,51.43,51.61,422.5
-1.49E+04,-481.1,-4.19E+04,,-1.50E-05,-4.95E-07,-4.19E-05,,,51.37,51.37,51.54,422.5
-7008,3239,-4.39E+04,,-7.02E-06,3.21E-06,-4.39E-05,,,51.29,51.29,51.47,422.5
-1.59E+04,-1.64E+04,-3.83E+04,,-1.59E-05,-1.64E-05,-3.83E-05,,,51.21,51.21,51.39,422.5
-1.98E+04,1.56E+04,-3.69E+04,,-1.98E-05,1.55E-05,-3.69E-05,,,51.12,51.12,51.3,422.5
-896.8,2.83E+04,-3.47E+04,,-8.78E-07,2.83E-05,-3.47E-05,,,51.02,51.02,51.2,422.4
5694,-691.5,-4.45E+04,,5.72E-06,-7.12E-07,-4.44E-05,,,50.91,50.91,51.09,422.4
3751,1.22E+04,-4.30E+04,,3.78E-06,1.22E-05,-4.30E-05,,,50.8,50.8,50.97,422.4
2.02E+04,2.06E+04,-3.45E+04,,2.02E-05,2.05E-05,-3.45E-05,,,50.67,50.67,50.85,422.4
2.28E+04,-1.59E+04,-3.54E+04,,2.28E-05,-1.59E-05,-3.54E-05,,,50.54,50.54,50.71,422.3
7577,-2.00E+04,-3.97E+04,,7.61E-06,-2.00E-05,-3.96E-05,,,50.39,50.39,50.57,422.3
7281,-1486,-4.45E+04,,7.32E-06,-1.47E-06,-4.45E-05,,,50.24,50.24,50.42,422.3
2623,-2.79E+04,-3.54E+04,,2.61E-06,-2.79E-05,-3.54E-05,,,50.08,50.08,50.26,422.2
-1.79E+04,-2.81E+04,-3.05E+04,,-1.78E-05,-2.81E-05,-3.05E-05,,,49.92,49.92,50.09,422.2
-2.20E+04,5050,-3.91E+04,,-2.20E-05,5.06E-06,-3.91E-05,,,49.74,49.74,49.92,422.2
-1.63E+04,-1862,-4.21E+04,,-1.63E-05,-1.85E-06,-4.21E-05,,,49.56,49.56,49.74,422.1
-2.50E+04,-4319,-3.74E+04,,-2.50E-05,-4.31E-06,-3.74E-05,,,49.37,49.37,49.54,422.1
-1.84E+04,2.93E+04,-2.91E+04,,-1.84E-05,2.94E-05,-2.91E-05,,,49.17,49.17,49.35,422
483,2.75E+04,-3.59E+04,,5.04E-07,2.75E-05,-3.59E-05,,,48.96,48.96,49.14,422
3305,7077,-4.46E+04,,3.33E-06,7.05E-06,-4.45E-05,,,48.75,48.75,48.92,421.9
1.01E+04,2.75E+04,-3.45E+04,,1.01E-05,2.75E-05,-3.45E-05,,,48.52,48.52,48.7,421.9
2.74E+04,1.95E+04,-3.02E+04,,2.74E-05,1.95E-05,-3.02E-05,,,48.29,48.29,48.47,421.8
2.65E+04,-1.25E+04,-3.45E+04,,2.64E-05,-1.25E-05,-3.45E-05,,,48.06,48.06,48.24,421.8
1.89E+04,-5328,-4.07E+04,,1.89E-05,-5.31E-06,-4.07E-05,,,47.82,47.82,48,421.7
2.43E+04,-7408,-3.74E+04,,2.43E-05,-7.40E-06,-3.73E-05,,,47.57,47.57,47.75,421.7
1.39E+04,-3.61E+04,-2.34E+04,,1.38E-05,-3.60E-05,-2.34E-05,,,47.31,47.31,47.49,421.6
-4125,-2.93E+04,-3.40E+04,,-4.16E-06,-2.93E-05,-3.41E-05,,,47.05,47.05,47.23,421.5
-6092,-1.43E+04,-4.23E+04,,-6.13E-06,-1.43E-05,-4.23E-05,,,46.78,46.78,46.96,421.5
-1.55E+04,-3.28E+04,-2.67E+04,,-1.55E-05,-3.28E-05,-2.66E-05,,,46.5,46.5,46.68,421.4
-3.08E+04,-1.94E+04,-2.64E+04,,-3.07E-05,-1.95E-05,-2.64E-05,,,46.22,46.22,46.4,421.4
-2.88E+04,6091,-3.39E+04,,-2.88E-05,6.04E-06,-3.39E-05,,,45.93,45.93,46.11,421.3
-2.70E+04,-4734,-3.55E+04,,-2.70E-05,-4.78E-06,-3.55E-05,,,45.63,45.63,45.81,421.2
-3.34E+04,7585,-2.88E+04,,-3.34E-05,7.54E-06,-2.88E-05,,,45.33,45.33,45.51,421.2
-2.32E+04,3.18E+04,-2.12E+04,,-2.32E-05,3.17E-05,-2.12E-05,,,45.03,45.03,45.21,421.1
-1.15E+04,2.19E+04,-3.71E+04,,-1.15E-05,2.18E-05,-3.72E-05,,,44.71,44.71,44.89,421
-1.21E+04,2.37E+04,-3.57E+04,,-1.21E-05,2.37E-05,-3.57E-05,,,44.4,44.4,44.58,420.9
1626,4.14E+04,-1.61E+04,,1.63E-06,4.13E-05,-1.61E-05,,,44.07,44.07,44.25,420.9
1.51E+04,2.74E+04,-3.14E+04,,1.51E-05,2.74E-05,-3.14E-05,,,43.74,43.74,43.93,420.8
1.44E+04,1.86E+04,-3.74E+04,,1.44E-05,1.86E-05,-3.75E-05,,,43.41,43.41,43.59,420.7
2.47E+04,3.09E+04,-1.96E+04,,2.47E-05,3.09E-05,-1.96E-05,,,43.07,43.07,43.25,420.7
3.41E+04,1.31E+04,-2.45E+04,,3.41E-05,1.31E-05,-2.45E-05,,,42.73,42.73,42.91,420.6
2.97E+04,-112.5,-3.23E+04,,2.97E-05,-1.25E-07,-3.23E-05,,,42.38,42.38,42.56,420.5
3.37E+04,1.01E+04,-2.60E+04,,3.38E-05,1.01E-05,-2.60E-05,,,42.03,42.03,42.21,420.4
3.79E+04,-8366,-1.99E+04,,3.79E-05,-8.36E-06,-1.99E-05,,,41.67,41.67,41.85,420.3
2.99E+04,-2.01E+04,-2.43E+04,,2.99E-05,-2.01E-05,-2.43E-05,,,41.31,41.31,41.49,420.3
2.91E+04,-9371,-3.06E+04,,2.91E-05,-9.36E-06,-3.06E-05,,,40.94,40.94,41.12,420.2
2.98E+04,-2.61E+04,-1.71E+04,,2.98E-05,-2.61E-05,-1.71E-05,,,40.57,40.57,40.75,420.1
2.03E+04,-3.37E+04,-1.73E+04,,2.02E-05,-3.37E-05,-1.73E-05,,,40.2,40.2,40.37,420
1.76E+04,-2.18E+04,-3.24E+04,,1.75E-05,-2.18E-05,-3.24E-05,,,39.82,39.82,40,419.9
1.67E+04,-3.64E+04,-1.47E+04,,1.66E-05,-3.64E-05,-1.47E-05,,,39.43,39.43,39.61,419.9
7617,-3.97E+04,-1.31E+04,,7.58E-06,-3.97E-05,-1.31E-05,,,39.05,39.05,39.22,419.8
5514,-2.74E+04,-3.18E+04,,5.50E-06,-2.74E-05,-3.18E-05,,,38.66,38.66,38.83,419.7
4242,-4.02E+04,-1.18E+04,,4.25E-06,-4.02E-05,-1.18E-05,,,38.26,38.26,38.44,419.6
-3227,-4.02E+04,-1.12E+04,,-3.25E-06,-4.02E-05,-1.12E-05,,,37.86,37.86,38.04,419.5
-3404,-2.88E+04,-2.99E+04,,-3.44E-06,-2.88E-05,-2.99E-05,,,37.46,37.46,37.64,419.5
-4617,-4.04E+04,-8010,,-4.65E-06,-4.04E-05,-8.02E-06,,,37.06,37.06,37.23,419.4
-9975,-3.84E+04,-1.13E+04,,-9.98E-06,-3.84E-05,-1.13E-05,,,36.65,36.65,36.82,419.3
-7808,-2.96E+04,-2.73E+04,,-7.80E-06,-2.96E-05,-2.73E-05,,,36.24,36.24,36.41,419.2
-8972,-3.97E+04,-3499,,-8.94E-06,-3.97E-05,-3.52E-06,,,35.82,35.82,36,419.1
-1.23E+04,-3.65E+04,-1.30E+04,,-1.23E-05,-3.65E-05,-1.30E-05,,,35.41,35.41,35.58,419.1
-8031,-3.17E+04,-2.37E+04,,-8.04E-06,-3.17E-05,-2.37E-05,,,34.99,34.99,35.16,419
-8857,-3.91E+04,872.6,,-8.87E-06,-3.91E-05,8.77E-07,,,34.56,34.56,34.73,418.9
-9949,-3.51E+04,-1.61E+04,,-9.95E-06,-3.51E-05,-1.61E-05,,,34.14,34.14,34.3,418.8
-4193,-3.52E+04,-1.78E+04,,-4.20E-06,-3.52E-05,-1.77E-05,,,33.71,33.71,33.87,418.7
-3897,-3.90E+04,3425,,-3.89E-06,-3.91E-05,3.45E-06,,,33.27,33.27,33.44,418.7
-2618,-3.39E+04,-1.94E+04,,-2.61E-06,-3.39E-05,-1.94E-05,,,32.84,32.84,33,418.6
3561,-3.77E+04,-8641,,3.55E-06,-3.77E-05,-8.63E-06,,,32.4,32.4,32.57,418.5
5692,-3.82E+04,1493,,5.69E-06,-3.82E-05,1.50E-06,,,31.96,31.96,32.12,418.4
9666,-3.14E+04,-1.97E+04,,9.69E-06,-3.14E-05,-1.97E-05,,,31.52,31.52,31.68,418.3
1.50E+04,-3.50E+04,969.4,,1.50E-05,-3.50E-05,1.01E-06,,,31.08,31.08,31.24,418.3
1.83E+04,-3.26E+04,-5469,,1.83E-05,-3.26E-05,-5.44E-06,,,30.63,30.63,30.79,418.2
2.42E+04,-2.55E+04,-1.30E+04,,2.42E-05,-2.55E-05,-1.30E-05,,,30.18,30.18,30.34,418.1
2.81E+04,-2.41E+04,3888,,2.82E-05,-2.41E-05,3.94E-06,,,29.73,29.73,29.88,418
3.05E+04,-1.78E+04,-1.08E+04,,3.05E-05,-1.78E-05,-1.08E-05,,,29.28,29.28,29.43,418
3.48E+04,-1.16E+04,-1605,,3.48E-05,-1.16E-05,-1.59E-06,,,28.82,28.82,28.97,417.9
3.58E+04,-5758,-3358,,3.58E-05,-5.77E-06,-3.36E-06,,,28.36,28.36,28.51,417.8
3.56E+04,3977,-4482,,3.56E-05,3.98E-06,-4.49E-06,,,27.9,27.9,28.05,417.8
3.40E+04,1.12E+04,1716,,3.40E-05,1.11E-05,1.72E-06,,,27.44,27.44,27.59,417.7
2.94E+04,1.78E+04,-9141,,2.93E-05,1.78E-05,-9.13E-06,,,26.98,26.98,27.12,417.6
2.42E+04,2.42E+04,8348,,2.42E-05,2.43E-05,8.38E-06,,,26.51,26.51,26.66,417.6
1.66E+04,2.97E+04,-7808,,1.66E-05,2.98E-05,-7.78E-06,,,26.05,26.05,26.19,417.5
7472,3.38E+04,1610,,7.49E-06,3.38E-05,1.62E-06,,,25.58,25.58,25.72,417.4
-3289,3.35E+04,7079,,-3.29E-06,3.35E-05,7.08E-06,,,25.11,25.11,25.25,417.4
-1.31E+04,3.05E+04,-7790,,-1.31E-05,3.05E-05,-7.80E-06,,,24.64,24.64,24.77,417.3
-2.12E+04,2.37E+04,1.15E+04,,-2.11E-05,2.37E-05,1.15E-05,,,24.16,24.16,24.3,417.3
-2.87E+04,1.71E+04,-2059,,-2.87E-05,1.72E-05,-2.09E-06,,,23.69,23.69,23.82,417.2
-3.14E+04,7395,7726,,-3.14E-05,7.42E-06,7.72E-06,,,23.21,23.21,23.34,417.2
-3.24E+04,-5727,1212,,-3.24E-05,-5.73E-06,1.22E-06,,,22.73,22.73,22.86,417.1
-2.81E+04,-1.35E+04,9593,,-2.81E-05,-1.34E-05,9.62E-06,,,22.26,22.26,22.38,417.1
-1.95E+04,-2.54E+04,4089,,-1.95E-05,-2.54E-05,4.10E-06,,,21.77,21.77,21.9,417
-9784,-3.02E+04,3768,,-9.77E-06,-3.02E-05,3.78E-06,,,21.29,21.29,21.42,417
4365,-2.80E+04,1.42E+04,,4.39E-06,-2.80E-05,1.42E-05,,,20.81,20.81,20.93,416.9
1.48E+04,-2.77E+04,-1550,,1.48E-05,-2.77E-05,-1.53E-06,,,20.33,20.33,20.44,416.9
2.34E+04,-1.51E+04,1.38E+04,,2.34E-05,-1.51E-05,1.38E-05,,,19.84,19.84,19.96,416.8
2.99E+04,-6742,3492,,2.99E-05,-6.74E-06,3.50E-06,,,19.35,19.35,19.47,416.8
2.73E+04,4889,1.27E+04,,2.73E-05,4.88E-06,1.27E-05,,,18.87,18.87,18.98,416.8
2.30E+04,1.97E+04,1455,,2.29E-05,1.97E-05,1.44E-06,,,18.38,18.38,18.49,416.7
1.27E+04,2.16E+04,1.64E+04,,1.27E-05,2.16E-05,1.64E-05,,,17.89,17.89,17.99,416.7
-1403,2.94E+04,4043,,-1.41E-06,2.94E-05,4.03E-06,,,17.4,17.4,17.5,416.7
-1.15E+04,2.42E+04,1.21E+04,,-1.15E-05,2.43E-05,1.21E-05,,,16.91,16.91,17.01,416.6
-2.36E+04,1.27E+04,1.13E+04,,-2.36E-05,1.28E-05,1.13E-05,,,16.41,16.41,16.51,416.6
-2.57E+04,6081,1.16E+04,,-2.57E-05,6.12E-06,1.16E-05,,,15.92,15.92,16.02,416.6
-2.32E+04,-1.35E+04,9673,,-2.33E-05,-1.35E-05,9.64E-06,,,15.43,15.43,15.52,416.6
-1.66E+04,-1.81E+04,1.41E+04,,-1.66E-05,-1.80E-05,1.41E-05,,,14.93,14.93,15.02,416.6
-1116,-2.43E+04,1.39E+04,,-1.13E-06,-2.43E-05,1.39E-05,,,14.43,14.43,14.52,416.5
8585,-2.48E+04,8957,,8.58E-06,-2.48E-05,8.95E-06,,,13.94,13.94,14.02,416.5
2.03E+04,-9471,1.59E+04,,2.03E-05,-9.44E-06,1.60E-05,,,13.44,13.44,13.52,416.5
2.42E+04,-5761,1.10E+04,,2.42E-05,-5.76E-06,1.10E-05,,,12.94,12.94,13.02,416.5
1.95E+04,1.28E+04,1.36E+04,,1.95E-05,1.28E-05,1.36E-05,,,12.44,12.44,12.52,416.5
1.40E+04,1.96E+04,1.16E+04,,1.40E-05,1.96E-05,1.16E-05,,,11.94,11.94,12.02,416.5
-1665,1.93E+04,1.80E+04,,-1.66E-06,1.93E-05,1.80E-05,,,11.44,11.44,11.51,416.5
-1.10E+04,2.20E+04,8976,,-1.10E-05,2.20E-05,8.96E-06,,,10.94,10.94,11.01,416.5
-1.87E+04,4067,1.75E+04,,-1.87E-05,4.08E-06,1.75E-05,,,10.44,10.44,10.51,416.5
-2.18E+04,-133.8,1.37E+04,,-2.18E-05,-1.23E-07,1.37E-05,,,9.94,9.94,10,416.5
-1.27E+04,-1.42E+04,1.70E+04,,-1.27E-05,-1.41E-05,1.69E-05,,,9.438,9.438,9.497,416.5
-6251,-2.13E+04,1.21E+04,,-6.22E-06,-2.13E-05,1.20E-05,,,8.935,8.935,8.991,416.6
8425,-1.34E+04,1.94E+04,,8.45E-06,-1.34E-05,1.94E-05,,,8.432,8.432,8.485,416.6
1.59E+04,-1.53E+04,1.14E+04,,1.59E-05,-1.53E-05,1.14E-05,,,7.929,7.929,7.978,416.6
1.79E+04,4060,1.63E+04,,1.80E-05,4.05E-06,1.63E-05,,,7.425,7.425,7.471,416.6
1.74E+04,8921,1.46E+04,,1.74E-05,8.91E-06,1.46E-05,,,6.92,6.92,6.964,416.6
4404,1.60E+04,1.75E+04,,4.42E-06,1.60E-05,1.75E-05,,,6.416,6.416,6.456,416.7
-2989,2.05E+04,1.20E+04,,-2.96E-06,2.05E-05,1.20E-05,,,5.911,5.911,5.948,416.7
-1.39E+04,6130,1.83E+04,,-1.39E-05,6.13E-06,1.82E-05,,,5.406,5.406,5.439,416.7
-1.75E+04,5721,1.47E+04,,-1.75E-05,5.73E-06,1.47E-05,,,4.9,4.9,4.931,416.8
-1.25E+04,-1.20E+04,1.57E+04,,-1.25E-05,-1.20E-05,1.57E-05,,,4.394,4.394,4.422,416.8
-7781,-1.49E+04,1.59E+04,,-7.79E-06,-1.50E-05,1.59E-05,,,3.888,3.888,3.913,416.8
6782,-1.34E+04,1.74E+04,,6.79E-06,-1.34E-05,1.74E-05,,,3.382,3.382,3.404,416.9
1.20E+04,-1.36E+04,1.38E+04,,1.20E-05,-1.36E-05,1.38E-05,,,2.876,2.876,2.894,416.9
1.66E+04,4869,1.47E+04,,1.66E-05,4.87E-06,1.46E-05,,,2.369,2.369,2.384,417
1.40E+04,5515,1.67E+04,,1.40E-05,5.54E-06,1.67E-05,,,1.863,1.863,1.875,417
2762,1.77E+04,1.34E+04,,2.76E-06,1.77E-05,1.34E-05,,,1.356,1.356,1.365,417.1
-3831,1.50E+04,1.59E+04,,-3.84E-06,1.51E-05,1.58E-05,,,0.8496,0.8496,0.855,417.2
-1.53E+04,5283,1.50E+04,,-1.53E-05,5.31E-06,1.50E-05,,,0.3429,0.3429,0.3451,417.2
-1.42E+04,1988,1.65E+04,,-1.43E-05,1.99E-06,1.65E-05,,,-0.1638,-0.1638,-0.1648,417.3
-1.03E+04,-1.55E+04,1.13E+04,,-1.03E-05,-1.55E-05,1.13E-05,,,-0.6705,-0.6705,-0.6747,417.4
-1562,-1.14E+04,1.83E+04,,-1.59E-06,-1.14E-05,1.84E-05,,,-1.177,-1.177,-1.185,417.4
1.11E+04,-1.41E+04,1.18E+04,,1.11E-05,-1.42E-05,1.18E-05,,,-1.684,-1.684,-1.694,417.5
1.37E+04,-4031,1.60E+04,,1.37E-05,-4.04E-06,1.60E-05,,,-2.19,-2.19,-2.204,417.6
1.58E+04,9475,1.07E+04,,1.58E-05,9.49E-06,1.07E-05,,,-2.697,-2.697,-2.714,417.7
5588,1.05E+04,1.75E+04,,5.57E-06,1.06E-05,1.75E-05,,,-3.203,-3.203,-3.223,417.7
-4774,1.88E+04,8364,,-4.78E-06,1.88E-05,8.34E-06,,,-3.709,-3.709,-3.732,417.8
-1.26E+04,5044,1.60E+04,,-1.26E-05,5.04E-06,1.60E-05,,,-4.215,-4.215,-4.241,417.9
-1.73E+04,-1139,1.18E+04,,-1.73E-05,-1.17E-06,1.18E-05,,,-4.72,-4.72,-4.75,418
-8227,-1.25E+04,1.45E+04,,-8.23E-06,-1.25E-05,1.45E-05,,,-5.226,-5.226,-5.259,418.1
91.48,-1.83E+04,9829,,9.04E-08,-1.83E-05,9.85E-06,,,-5.731,-5.731,-5.767,418.2
1.33E+04,-7957,1.37E+04,,1.33E-05,-7.99E-06,1.37E-05,,,-6.236,-6.236,-6.275,418.3
1.70E+04,-3486,1.11E+04,,1.70E-05,-3.52E-06,1.11E-05,,,-6.74,-6.74,-6.782,418.4
1.22E+04,1.43E+04,8301,,1.22E-05,1.43E-05,8.32E-06,,,-7.244,-7.244,-7.29,418.5
2530,1.54E+04,1.32E+04,,2.51E-06,1.54E-05,1.33E-05,,,-7.748,-7.748,-7.797,418.6
-1.24E+04,1.36E+04,8861,,-1.24E-05,1.36E-05,8.88E-06,,,-8.252,-8.252,-8.303,418.7
-1.60E+04,3033,1.22E+04,,-1.61E-05,3.02E-06,1.22E-05,,,-8.755,-8.755,-8.809,418.8
-1.43E+04,-1.31E+04,6201,,-1.43E-05,-1.31E-05,6.23E-06,,,-9.257,-9.257,-9.315,418.9
-929.3,-1.43E+04,1.44E+04,,-9.94E-07,-1.43E-05,1.44E-05,,,-9.759,-9.759,-9.82,419.1
1.21E+04,-1.56E+04,4578,,1.20E-05,-1.57E-05,4.61E-06,,,-10.26,-10.26,-10.32,419.2
1.77E+04,1080,9768,,1.77E-05,1.07E-06,9.81E-06,,,-10.76,-10.76,-10.83,419.3
1.45E+04,1.19E+04,7533,,1.45E-05,1.19E-05,7.55E-06,,,-11.26,-11.26,-11.33,419.4
-892.6,1.84E+04,8178,,-8.69E-07,1.84E-05,8.21E-06,,,-11.76,-11.76,-11.83,419.6
-1.29E+04,1.39E+04,6746,,-1.29E-05,1.40E-05,6.78E-06,,,-12.26,-12.26,-12.34,419.7
-1.92E+04,-3096,5339,,-1.92E-05,-3.08E-06,5.35E-06,,,-12.76,-12.76,-12.84,419.8
-1.11E+04,-1.26E+04,1.11E+04,,-1.11E-05,-1.26E-05,1.12E-05,,,-13.26,-13.26,-13.34,419.9
4022,-1.97E+04,908.6,,4.01E-06,-1.97E-05,9.29E-07,,,-13.75,-13.75,-13.84,420.1
1.64E+04,-7946,8598,,1.63E-05,-7.89E-06,8.62E-06,,,-14.25,-14.25,-14.34,420.2
1.88E+04,6292,3298,,1.88E-05,6.33E-06,3.30E-06,,,-14.75,-14.75,-14.84,420.4
6166,1.82E+04,5948,,6.16E-06,1.82E-05,5.91E-06,,,-15.24,-15.24,-15.33,420.5
-9407,1.76E+04,2606,,-9.41E-06,1.76E-05,2.60E-06,,,-15.74,-15.74,-15.83,420.6
-1.97E+04,2394,3392,,-1.97E-05,2.39E-06,3.39E-06,,,-16.23,-16.23,-16.33,420.8
-1.45E+04,-1.16E+04,7707,,-1.45E-05,-1.16E-05,7.71E-06,,,-16.72,-16.72,-16.82,420.9
1084,-2.00E+04,-2257,,1.07E-06,-2.00E-05,-2.27E-06,,,-17.21,-17.21,-17.31,421.1
1.62E+04,-1.04E+04,5939,,1.61E-05,-1.04E-05,5.93E-06,,,-17.7,-17.7,-17.81,421.2
1.93E+04,5814,462.6,,1.92E-05,5.83E-06,4.65E-07,,,-18.19,-18.19,-18.3,421.4
6610,1.89E+04,1935,,6.60E-06,1.89E-05,1.91E-06,,,-18.68,-18.68,-18.79,421.5
-1.09E+04,1.69E+04,698.7,,-1.10E-05,1.69E-05,7.01E-07,,,-19.17,-19.17,-19.28,421.7
-2.01E+04,1075,-542.8,,-2.01E-05,1.12E-06,-5.26E-07,,,-19.65,-19.65,-19.77,421.9
-1.25E+04,-1.49E+04,5363,,-1.25E-05,-1.49E-05,5.38E-06,,,-20.14,-20.14,-20.26,422
5316,-1.87E+04,-5239,,5.35E-06,-1.87E-05,-5.21E-06,,,-20.62,-20.62,-20.74,422.2
1.90E+04,-6590,1681,,1.90E-05,-6.58E-06,1.71E-06,,,-21.11,-21.11,-21.23,422.3
1.64E+04,1.19E+04,-306.7,,1.64E-05,1.19E-05,-2.82E-07,,,-21.59,-21.59,-21.71,422.5
-315,1.99E+04,-3837,,-2.81E-07,1.99E-05,-3.82E-06,,,-22.07,-22.07,-22.19,422.7
-1.71E+04,1.08E+04,366.2,,-1.71E-05,1.08E-05,3.55E-07,,,-22.55,-22.55,-22.67,422.8
-1.80E+04,-8008,-4699,,-1.80E-05,-8.00E-06,-4.69E-06,,,-23.02,-23.02,-23.15,423
-3030,-2.00E+04,1550,,-3.04E-06,-2.00E-05,1.55E-06,,,-23.5,-23.5,-23.63,423.2
1.53E+04,-1.22E+04,-5332,,1.53E-05,-1.22E-05,-5.32E-06,,,-23.97,-23.97,-24.11,423.3
1.90E+04,4521,-5689,,1.90E-05,4.54E-06,-5.67E-06,,,-24.45,-24.45,-24.58,423.5
5100,1.97E+04,818.9,,5.11E-06,1.97E-05,8.19E-07,,,-24.92,-24.92,-25.06,423.7
-1.36E+04,1.28E+04,-8119,,-1.35E-05,1.29E-05,-8.10E-06,,,-25.39,-25.39,-25.53,423.8
-1.97E+04,-3833,-3296,,-1.97E-05,-3.85E-06,-3.27E-06,,,-25.86,-25.86,-26,424
-5485,-1.92E+04,-4060,,-5.49E-06,-1.92E-05,-4.04E-06,,,-26.32,-26.32,-26.47,424.2
1.25E+04,-1.47E+04,-6723,,1.24E-05,-1.47E-05,-6.72E-06,,,-26.79,-26.79,-26.93,424.3
1.95E+04,4752,-3696,,1.95E-05,4.76E-06,-3.70E-06,,,-27.25,-27.25,-27.4,424.5
4689,1.70E+04,-1.03E+04,,4.70E-06,1.70E-05,-1.03E-05,,,-27.71,-27.71,-27.86,424.7
-1.33E+04,1.51E+04,-4051,,-1.33E-05,1.51E-05,-4.05E-06,,,-28.17,-28.17,-28.32,424.9
-1.88E+04,-6888,-4603,,-1.87E-05,-6.89E-06,-4.59E-06,,,-28.63,-28.63,-28.78,425
-4393,-1.63E+04,-1.17E+04,,-4.35E-06,-1.63E-05,-1.17E-05,,,-29.08,-29.08,-29.24,425.2
1.47E+04,-1.37E+04,-4160,,1.47E-05,-1.37E-05,-4.17E-06,,,-29.54,-29.54,-29.69,425.4
1.67E+04,8530,-8389,,1.67E-05,8.58E-06,-8.39E-06,,,-29.99,-29.99,-30.15,425.6
2345,1.74E+04,-1.07E+04,,2.34E-06,1.75E-05,-1.07E-05,,,-30.44,-30.44,-30.6,425.7
-1.68E+04,9949,-6609,,-1.68E-05,9.95E-06,-6.62E-06,,,-30.88,-30.88,-31.04,425.9
-1.47E+04,-9453,-1.10E+04,,-1.47E-05,-9.46E-06,-1.10E-05,,,-31.33,-31.33,-31.49,426.1
943.2,-1.93E+04,-7291,,9.24E-07,-1.93E-05,-7.28E-06,,,-31.77,-31.77,-31.93,426.3
1.78E+04,-4422,-9615,,1.78E-05,-4.43E-06,-9.60E-06,,,-32.21,-32.21,-32.37,426.4
1.17E+04,9824,-1.39E+04,,1.17E-05,9.81E-06,-1.39E-05,,,-32.65,-32.65,-32.81,426.6
-5995,1.88E+04,-6400,,-5.96E-06,1.88E-05,-6.38E-06,,,-33.08,-33.08,-33.25,426.8
-1.77E+04,-1628,-1.06E+04,,-1.77E-05,-1.61E-06,-1.06E-05,,,-33.52,-33.52,-33.68,427
-8956,-1.24E+04,-1.40E+04,,-8.93E-06,-1.23E-05,-1.41E-05,,,-33.94,-33.94,-34.11,427.1
1.10E+04,-1.58E+04,-7895,,1.10E-05,-1.57E-05,-7.88E-06,,,-34.37,-34.37,-34.54,427.3
1.53E+04,5838,-1.28E+04,,1.54E-05,5.86E-06,-1.28E-05,,,-34.8,-34.8,-34.96,427.5
3761,1.53E+04,-1.36E+04,,3.78E-06,1.53E-05,-1.36E-05,,,-35.22,-35.22,-35.39,427.6
-1.55E+04,9003,-1.06E+04,,-1.55E-05,9.00E-06,-1.06E-05,,,-35.63,-35.63,-35.81,427.8
-1.22E+04,-9026,-1.43E+04,,-1.21E-05,-9.05E-06,-1.43E-05,,,-36.05,-36.05,-36.22,428
2221,-1.74E+04,-1.14E+04,,2.22E-06,-1.74E-05,-1.13E-05,,,-36.46,-36.46,-36.63,428.1
1.68E+04,-558,-1.24E+04,,1.68E-05,-5.60E-07,-1.24E-05,,,-36.87,-36.87,-37.04,428.3
6834,1.02E+04,-1.69E+04,,6.84E-06,1.02E-05,-1.69E-05,,,-37.28,-37.28,-37.45,428.5
-9204,1.52E+04,-1.10E+04,,-9.21E-06,1.53E-05,-1.10E-05,,,-37.68,-37.68,-37.85,428.6
-1.52E+04,-7891,-1.21E+04,,-1.52E-05,-7.87E-06,-1.21E-05,,,-38.08,-38.08,-38.25,428.8
-1624,-1.14E+04,-1.76E+04,,-1.62E-06,-1.13E-05,-1.76E-05,,,-38.47,-38.47,-38.65,429
1.39E+04,-9616,-1.25E+04,,1.39E-05,-9.61E-06,-1.25E-05,,,-38.86,-38.86,-39.04,429.1
9441,1.30E+04,-1.36E+04,,9.39E-06,1.30E-05,-1.36E-05,,,-39.25,-39.25,-39.43,429.3
-4960,1.06E+04,-1.75E+04,,-5.00E-06,1.06E-05,-1.75E-05,,,-39.63,-39.63,-39.81,429.5
-1.59E+04,154.1,-1.38E+04,,-1.59E-05,1.74E-07,-1.38E-05,,,-40.01,-40.01,-40.19,429.6
-2293,-1.44E+04,-1.53E+04,,-2.29E-06,-1.44E-05,-1.53E-05,,,-40.39,-40.39,-40.57,429.8
9426,-8444,-1.69E+04,,9.44E-06,-8.45E-06,-1.69E-05,,,-40.76,-40.76,-40.94,429.9
1.23E+04,9104,-1.46E+04,,1.23E-05,9.09E-06,-1.46E-05,,,-41.13,-41.13,-41.31,430.1
-5855,1.04E+04,-1.75E+04,,-5.89E-06,1.03E-05,-1.75E-05,,,-41.49,-41.49,-41.67,430.2
-1.21E+04,3116,-1.71E+04,,-1.21E-05,3.14E-06,-1.71E-05,,,-41.85,-41.85,-42.03,430.4
-5528,-1.56E+04,-1.34E+04,,-5.51E-06,-1.56E-05,-1.33E-05,,,-42.2,-42.2,-42.38,430.5
1.04E+04,-4000,-1.81E+04,,1.05E-05,-3.99E-06,-1.81E-05,,,-42.55,-42.55,-42.73,430.7
9806,2349,-1.88E+04,,9.83E-06,2.37E-06,-1.88E-05,,,-42.9,-42.9,-43.08,430.8
-3745,1.55E+04,-1.43E+04,,-3.72E-06,1.55E-05,-1.42E-05,,,-43.24,-43.24,-43.42,430.9
-1.18E+04,-3871,-1.74E+04,,-1.18E-05,-3.87E-06,-1.74E-05,,,-43.57,-43.57,-43.75,431.1
-5116,-7683,-1.94E+04,,-5.09E-06,-7.69E-06,-1.94E-05,,,-43.9,-43.9,-44.08,431.2
1.03E+04,-9888,-1.61E+04,,1.03E-05,-9.89E-06,-1.61E-05,,,-44.23,-44.23,-44.41,431.3
7318,8831,-1.83E+04,,7.30E-06,8.81E-06,-1.82E-05,,,-44.55,-44.55,-44.73,431.5
-2342,8899,-1.96E+04,,-2.35E-06,8.88E-06,-1.96E-05,,,-44.86,-44.86,-45.04,431.6
-1.31E+04,-409.4,-1.73E+04,,-1.30E-05,-4.15E-07,-1.73E-05,,,-45.17,-45.17,-45.35,431.7
-791.6,-1.02E+04,-1.92E+04,,-7.92E-07,-1.02E-05,-1.92E-05,,,-45.47,-45.47,-45.65,431.9
7015,-6920,-1.95E+04,,7.00E-06,-6.92E-06,-1.95E-05,,,-45.77,-45.77,-45.95,432
8737,9293,-1.78E+04,,8.72E-06,9.28E-06,-1.78E-05,,,-46.06,-46.06,-46.24,432.1
-6716,5434,-2.02E+04,,-6.72E-06,5.43E-06,-2.02E-05,,,-46.35,-46.35,-46.53,432.2
-8712,1431,-2.02E+04,,-8.73E-06,1.42E-06,-2.02E-05,,,-46.63,-46.63,-46.81,432.3
-1551,-1.39E+04,-1.72E+04,,-1.57E-06,-1.39E-05,-1.71E-05,,,-46.9,-46.9,-47.08,432.4
9219,1366,-2.02E+04,,9.20E-06,1.36E-06,-2.02E-05,,,-47.16,-47.16,-47.34,432.5
4640,2629,-2.17E+04,,4.63E-06,2.59E-06,-2.17E-05,,,-47.42,-47.42,-47.6,432.6
-6593,1.09E+04,-1.85E+04,,-6.60E-06,1.09E-05,-1.85E-05,,,-47.68,-47.68,-47.86,432.7
-7533,-8385,-1.95E+04,,-7.54E-06,-8.38E-06,-1.95E-05,,,-47.92,-47.92,-48.1,432.8
321.5,-4795,-2.21E+04,,3.13E-07,-4.79E-06,-2.21E-05,,,-48.16,-48.16,-48.34,432.9
9480,-3815,-2.04E+04,,9.47E-06,-3.81E-06,-2.03E-05,,,-48.39,-48.39,-48.57,433
470.4,9959,-2.06E+04,,4.53E-07,9.93E-06,-2.06E-05,,,-48.62,-48.62,-48.8,433.1
-5239,2393,-2.23E+04,,-5.21E-06,2.36E-06,-2.23E-05,,,-48.84,-48.84,-49.02,433.2
-7934,-5038,-2.12E+04,,-7.90E-06,-5.07E-06,-2.12E-05,,,-49.05,-49.05,-49.23,433.3
5491,-6498,-2.17E+04,,5.49E-06,-6.50E-06,-2.17E-05,,,-49.25,-49.25,-49.43,433.4
4650,368,-2.30E+04,,4.63E-06,3.62E-07,-2.30E-05,,,-49.45,-49.45,-49.62,433.5
1314,9060,-2.18E+04,,1.31E-06,9.06E-06,-2.18E-05,,,-49.63,-49.63,-49.81,433.5
-8823,-1785,-2.20E+04,,-8.83E-06,-1.79E-06,-2.20E-05,,,-49.81,-49.81,-49.99,433.6
-1762,-2478,-2.37E+04,,-1.76E-06,-2.51E-06,-2.37E-05,,,-49.99,-49.99,-50.16,433.7
3502,-8621,-2.22E+04,,3.46E-06,-8.66E-06,-2.22E-05,,,-50.15,-50.15,-50.33,433.7
5397,8025,-2.23E+04,,5.34E-06,8.00E-06,-2.23E-05,,,-50.3,-50.3,-50.48,433.8
-3171,239.7,-2.43E+04,,-3.20E-06,2.51E-07,-2.43E-05,,,-50.45,-50.45,-50.63,433.9
-6030,3676,-2.36E+04,,-6.05E-06,3.70E-06,-2.36E-05,,,-50.59,-50.59,-50.77,433.9
-267.8,-1.04E+04,-2.26E+04,,-2.64E-07,-1.04E-05,-2.26E-05,,,-50.72,-50.72,-50.9,434
3797,2571,-2.46E+04,,3.81E-06,2.57E-06,-2.46E-05,,,-50.84,-50.84,-51.02,434
3334,70.03,-2.50E+04,,3.35E-06,4.36E-08,-2.50E-05,,,-50.96,-50.96,-51.13,434.1
-5276,6141,-2.42E+04,,-5.30E-06,6.13E-06,-2.42E-05,,,-51.06,-51.06,-51.24,434.1
-2365,-5048,-2.51E+04,,-2.38E-06,-5.08E-06,-2.51E-05,,,-51.16,-51.16,-51.33,434.1
-1014,-2812,-2.57E+04,,-1.01E-06,-2.82E-06,-2.58E-05,,,-51.24,-51.24,-51.42,434.2
5561,-536.1,-2.55E+04,,5.57E-06,-5.39E-07,-2.56E-05,,,-51.32,-51.32,-51.5,434.2
-1940,2817,-2.61E+04,,-1.93E-06,2.79E-06,-2.62E-05,,,-51.39,-51.39,-51.57,434.2
-1490,2455,-2.65E+04,,-1.49E-06,2.43E-06,-2.65E-05,,,-51.45,-51.45,-51.63,434.2
-4143,-5046,-2.60E+04,,-4.17E-06,-5.07E-06,-2.60E-05,,,-51.5,-51.5,-51.68,434.3
2923,441.4,-2.69E+04,,2.91E-06,4.29E-07,-2.69E-05,,,-51.54,-51.54,-51.72,434.3
597.1,-3102,-2.72E+04,,5.68E-07,-3.11E-06,-2.72E-05,,,-51.58,-51.58,-51.75,434.3
360.9,6061,-2.69E+04,,3.21E-07,6.04E-06,-2.70E-05,,,-51.6,-51.6,-51.78,434.3
-2995,-4259,-2.74E+04,,-3.03E-06,-4.28E-06,-2.74E-05,,,-51.61,-51.61,-51.79,434.3
-1218,2630,-2.80E+04,,-1.24E-06,2.60E-06,-2.80E-05,,,-51.62,-51.62,-51.8,434.3
675.4,-5955,-2.78E+04,,6.60E-07,-5.97E-06,-2.78E-05,,,-51.62,-51.62,-51.79,434.3
416.3,3880,-2.84E+04,,4.14E-07,3.87E-06,-2.84E-05,,,-51.6,-51.6,-51.78,434.3
916.7,-2459,-2.88E+04,,9.08E-07,-2.48E-06,-2.89E-05,,,-51.58,-51.58,-51.76,434.3
-2779,3519,-2.89E+04,,-2.79E-06,3.47E-06,-2.89E-05,,,-51.55,-51.55,-51.73,434.3
-576.4,-3009,-2.94E+04,,-5.68E-07,-3.04E-06,-2.93E-05,,,-51.51,-51.51,-51.68,434.3
-2071,-1063,-2.97E+04,,-2.06E-06,-1.09E-06,-2.97E-05,,,-51.46,-51.46,-51.64,434.2
3293,-1522,-2.99E+04,,3.31E-06,-1.55E-06,-2.99E-05,,,-51.4,-51.4,-51.58,434.2
-535.6,1168,-3.04E+04,,-5.09E-07,1.15E-06,-3.04E-05,,,-51.33,-51.33,-51.51,434.2
-709.4,3316,-3.05E+04,,-6.70E-07,3.27E-06,-3.05E-05,,,-51.26,-51.26,-51.43,434.2
-4948,-3517,-3.04E+04,,-4.91E-06,-3.56E-06,-3.04E-05,,,-51.17,-51.17,-51.35,434.1
1152,-1547,-3.12E+04,,1.19E-06,-1.57E-06,-3.12E-05,,,-51.08,-51.08,-51.25,434.1
2746,-3889,-3.12E+04,,2.77E-06,-3.90E-06,-3.12E-05,,,-50.97,-50.97,-51.15,434.1
1627,7209,-3.10E+04,,1.64E-06,7.20E-06,-3.10E-05,,,-50.86,-50.86,-51.04,434
-5061,-1052,-3.17E+04,,-5.04E-06,-1.05E-06,-3.18E-05,,,-50.74,-50.74,-50.92,434
-4380,-846,-3.22E+04,,-4.35E-06,-8.72E-07,-3.22E-05,,,-50.61,-50.61,-50.79,433.9
3129,-8555,-3.15E+04,,3.14E-06,-8.59E-06,-3.15E-05,,,-50.48,-50.48,-50.65,433.9
4851,4769,-3.24E+04,,4.84E-06,4.74E-06,-3.23E-05,,,-50.33,-50.33,-50.51,433.8
-860.6,4061,-3.31E+04,,-8.64E-07,4.05E-06,-3.31E-05,,,-50.18,-50.18,-50.35,433.7
-9026,1715,-3.24E+04,,-9.03E-06,1.72E-06,-3.24E-05,,,-50.01,-50.01,-50.19,433.7
-981.5,-9377,-3.27E+04,,-9.66E-07,-9.39E-06,-3.26E-05,,,-49.84,-49.84,-50.02,433.6
5951,-3263,-3.36E+04,,5.96E-06,-3.26E-06,-3.36E-05,,,-49.67,-49.67,-49.84,433.5
5872,7138,-3.33E+04,,5.88E-06,7.15E-06,-3.33E-05,,,-49.48,-49.48,-49.66,433.5
-8675,5668,-3.33E+04,,-8.71E-06,5.67E-06,-3.33E-05,,,-49.29,-49.29,-49.46,433.4
-7561,-4834,-3.40E+04,,-7.59E-06,-4.86E-06,-3.40E-05,,,-49.08,-49.08,-49.26,433.3
2930,-1.20E+04,-3.33E+04,,2.94E-06,-1.20E-05,-3.33E-05,,,-48.87,-48.87,-49.05,433.2
1.13E+04,4741,-3.36E+04,,1.13E-05,4.74E-06,-3.36E-05,,,-48.66,-48.66,-48.84,433.1
-2417,8749,-3.49E+04,,-2.40E-06,8.76E-06,-3.49E-05,,,-48.43,-48.43,-48.61,433.1
-1.25E+04,3380,-3.40E+04,,-1.25E-05,3.36E-06,-3.40E-05,,,-48.2,-48.2,-48.38,433
-3713,-1.60E+04,-3.28E+04,,-3.74E-06,-1.60E-05,-3.28E-05,,,-47.97,-47.97,-48.14,432.9
1.21E+04,-2832,-3.48E+04,,1.21E-05,-2.83E-06,-3.48E-05,,,-47.72,-47.72,-47.9,432.8
7063,9037,-3.55E+04,,7.03E-06,9.05E-06,-3.54E-05,,,-47.47,-47.47,-47.65,432.7
-1.25E+04,1.16E+04,-3.34E+04,,-1.25E-05,1.16E-05,-3.35E-05,,,-47.21,-47.21,-47.39,432.6
-1.14E+04,-1.29E+04,-3.37E+04,,-1.14E-05,-1.29E-05,-3.37E-05,,,-46.94,-46.94,-47.12,432.5
7688,-1.21E+04,-3.53E+04,,7.67E-06,-1.21E-05,-3.53E-05,,,-46.67,-46.67,-46.85,432.3
1.55E+04,5655,-3.47E+04,,1.55E-05,5.64E-06,-3.47E-05,,,-46.4,-46.4,-46.58,432.2
-7233,1.70E+04,-3.39E+04,,-7.25E-06,1.70E-05,-3.40E-05,,,-46.11,-46.11,-46.29,432.1
-1.72E+04,-4375,-3.46E+04,,-1.72E-05,-4.34E-06,-3.47E-05,,,-45.82,-45.82,-46,432
-83.17,-1.92E+04,-3.41E+04,,-5.45E-08,-1.92E-05,-3.41E-05,,,-45.53,-45.53,-45.71,431.9
2.00E+04,-661,-3.40E+04,,2.00E-05,-6.67E-07,-3.40E-05,,,-45.22,-45.22,-45.4,431.8
1261,1.85E+04,-3.51E+04,,1.28E-06,1.85E-05,-3.51E-05,,,-44.92,-44.92,-45.1,431.6
-1.97E+04,6021,-3.42E+04,,-1.97E-05,6.00E-06,-3.42E-05,,,-44.6,-44.6,-44.78,431.5
-8602,-2.21E+04,-3.25E+04,,-8.61E-06,-2.21E-05,-3.25E-05,,,-44.28,-44.28,-44.46,431.4
2.02E+04,-8103,-3.41E+04,,2.02E-05,-8.12E-06,-3.41E-05,,,-43.96,-43.96,-44.14,431.2
1.02E+04,1.72E+04,-3.54E+04,,1.02E-05,1.72E-05,-3.54E-05,,,-43.63,-43.63,-43.81,431.1
-1.93E+04,1.51E+04,-3.27E+04,,-1.93E-05,1.51E-05,-3.27E-05,,,-43.3,-43.3,-43.48,431
-1.60E+04,-2.12E+04,-3.14E+04,,-1.60E-05,-2.12E-05,-3.14E-05,,,-42.96,-42.96,-43.14,430.8
1.78E+04,-1.51E+04,-3.41E+04,,1.77E-05,-1.52E-05,-3.41E-05,,,-42.61,-42.61,-42.79,430.7
1.78E+04,1.48E+04,-3.45E+04,,1.77E-05,1.48E-05,-3.45E-05,,,-42.27,-42.27,-42.44,430.5
-1.74E+04,2.16E+04,-3.12E+04,,-1.75E-05,2.16E-05,-3.12E-05,,,-41.91,-41.91,-42.09,430.4
-2.14E+04,-1.87E+04,-3.08E+04,,-2.15E-05,-1.87E-05,-3.08E-05,,,-41.55,-41.55,-41.73,430.2
1.51E+04,-2.08E+04,-3.34E+04,,1.51E-05,-2.08E-05,-3.34E-05,,,-41.19,-41.19,-41.37,430.1
2.31E+04,1.32E+04,-3.28E+04,,2.31E-05,1.32E-05,-3.28E-05,,,-40.82,-40.82,-41,429.9
-1.61E+04,2.55E+04,-2.99E+04,,-1.61E-05,2.55E-05,-2.99E-05,,,-40.45,-40.45,-40.63,429.8
-2.50E+04,-1.69E+04,-3.01E+04,,-2.50E-05,-1.69E-05,-3.01E-05,,,-40.08,-40.08,-40.26,429.6
1.42E+04,-2.48E+04,-3.18E+04,,1.42E-05,-2.49E-05,-3.19E-05,,,-39.7,-39.7,-39.88,429.5
2.63E+04,1.39E+04,-3.09E+04,,2.63E-05,1.39E-05,-3.10E-05,,,-39.32,-39.32,-39.49,429.3
-1.70E+04,2.73E+04,-2.86E+04,,-1.70E-05,2.73E-05,-2.87E-05,,,-38.93,-38.93,-39.11,429.2
-2.67E+04,-1.78E+04,-2.89E+04,,-2.67E-05,-1.78E-05,-2.90E-05,,,-38.54,-38.54,-38.71,429
1.65E+04,-2.67E+04,-2.99E+04,,1.65E-05,-2.67E-05,-2.99E-05,,,-38.14,-38.14,-38.32,428.8
2.71E+04,1.79E+04,-2.90E+04,,2.70E-05,1.79E-05,-2.90E-05,,,-37.75,-37.75,-37.92,428.7
-2.14E+04,2.67E+04,-2.71E+04,,-2.14E-05,2.67E-05,-2.71E-05,,,-37.35,-37.35,-37.52,428.5
-2.57E+04,-2.27E+04,-2.72E+04,,-2.57E-05,-2.27E-05,-2.72E-05,,,-36.94,-36.94,-37.11,428.3
2.28E+04,-2.50E+04,-2.78E+04,,2.28E-05,-2.50E-05,-2.78E-05,,,-36.53,-36.53,-36.7,428.2
2.37E+04,2.53E+04,-2.69E+04,,2.37E-05,2.53E-05,-2.69E-05,,,-36.12,-36.12,-36.29,428
-2.91E+04,2.16E+04,-2.49E+04,,-2.91E-05,2.16E-05,-2.49E-05,,,-35.71,-35.71,-35.88,427.8
-1.92E+04,-3.08E+04,-2.50E+04,,-1.92E-05,-3.08E-05,-2.50E-05,,,-35.29,-35.29,-35.46,427.7
3.16E+04,-1.68E+04,-2.58E+04,,3.16E-05,-1.68E-05,-2.58E-05,,,-34.87,-34.87,-35.04,427.5
1.32E+04,3.42E+04,-2.46E+04,,1.32E-05,3.42E-05,-2.46E-05,,,-34.45,-34.45,-34.61,427.3
-3.72E+04,8793,-2.22E+04,,-3.72E-05,8.78E-06,-2.22E-05,,,-34.02,-34.02,-34.19,427.2
-4084,-3.80E+04,-2.24E+04,,-4.10E-06,-3.80E-05,-2.24E-05,,,-33.59,-33.59,-33.76,427
3.75E+04,783.8,-2.36E+04,,3.75E-05,7.44E-07,-2.37E-05,,,-33.16,-33.16,-33.32,426.8
-6735,3.78E+04,-2.22E+04,,-6.78E-06,3.78E-05,-2.22E-05,,,-32.72,-32.72,-32.89,426.6
-3.76E+04,-1.31E+04,-1.95E+04,,-3.76E-05,-1.30E-05,-1.95E-05,,,-32.29,-32.29,-32.45,426.5
1.93E+04,-3.49E+04,-1.95E+04,,1.93E-05,-3.49E-05,-1.95E-05,,,-31.85,-31.85,-32.01,426.3
3.00E+04,2.52E+04,-2.07E+04,,3.00E-05,2.52E-05,-2.07E-05,,,-31.41,-31.41,-31.57,426.1
-3.10E+04,2.51E+04,-1.93E+04,,-3.11E-05,2.51E-05,-1.93E-05,,,-30.96,-30.96,-31.12,425.9
-1.94E+04,-3.59E+04,-1.74E+04,,-1.94E-05,-3.59E-05,-1.73E-05,,,-30.52,-30.52,-30.67,425.8
3.94E+04,-1.12E+04,-1.70E+04,,3.93E-05,-1.12E-05,-1.70E-05,,,-30.07,-30.07,-30.22,425.6
1131,4.11E+04,-1.64E+04,,1.08E-06,4.11E-05,-1.64E-05,,,-29.62,-29.62,-29.77,425.4
-4.05E+04,-8567,-1.55E+04,,-4.06E-05,-8.59E-06,-1.55E-05,,,-29.16,-29.16,-29.32,425.2
1.75E+04,-3.74E+04,-1.58E+04,,1.74E-05,-3.74E-05,-1.58E-05,,,-28.71,-28.71,-28.86,425.1
3.17E+04,2.66E+04,-1.53E+04,,3.17E-05,2.65E-05,-1.53E-05,,,-28.25,-28.25,-28.4,424.9
-3.52E+04,2.36E+04,-1.21E+04,,-3.52E-05,2.36E-05,-1.21E-05,,,-27.79,-27.79,-27.94,424.7
-1.28E+04,-4.06E+04,-1.09E+04,,-1.29E-05,-4.06E-05,-1.09E-05,,,-27.33,-27.33,-27.48,424.5
4.20E+04,-371.9,-1.28E+04,,4.20E-05,-4.15E-07,-1.28E-05,,,-26.87,-26.87,-27.01,424.4
-1.24E+04,4.00E+04,-1.27E+04,,-1.24E-05,4.00E-05,-1.27E-05,,,-26.4,-26.4,-26.55,424.2
-3.50E+04,-2.41E+04,-1.01E+04,,-3.51E-05,-2.41E-05,-1.01E-05,,,-25.94,-25.94,-26.08,424
3.42E+04,-2.56E+04,-8645,,3.42E-05,-2.56E-05,-8.64E-06,,,-25.47,-25.47,-25.61,423.9
1.21E+04,4.10E+04,-7829,,1.21E-05,4.10E-05,-7.86E-06,,,-25,-25,-25.14,423.7
-4.27E+04,-2970,-6776,,-4.27E-05,-2.96E-06,-6.83E-06,,,-24.53,-24.53,-24.67,423.5
1.75E+04,-3.87E+04,-7800,,1.75E-05,-3.87E-05,-7.84E-06,,,-24.06,-24.06,-24.19,423.3
2.95E+04,3.03E+04,-8043,,2.95E-05,3.04E-05,-8.09E-06,,,-23.58,-23.58,-23.71,423.2
-3.96E+04,1.60E+04,-4797,,-3.96E-05,1.60E-05,-4.86E-06,,,-23.11,-23.11,-23.24,423
573.8,-4.27E+04,-3060,,5.28E-07,-4.27E-05,-3.08E-06,,,-22.63,-22.63,-22.76,422.8
3.87E+04,1.75E+04,-3712,,3.86E-05,1.75E-05,-3.73E-06,,,-22.15,-22.15,-22.28,422.7
-3.18E+04,2.80E+04,-2454,,-3.19E-05,2.80E-05,-2.47E-06,,,-21.67,-21.67,-21.79,422.5
-1.21E+04,-4.05E+04,-1488,,-1.21E-05,-4.05E-05,-1.50E-06,,,-21.19,-21.19,-21.31,422.4
4.16E+04,6426,-2376,,4.15E-05,6.45E-06,-2.42E-06,,,-20.71,-20.71,-20.83,422.2
-2.40E+04,3.44E+04,-1081,,-2.40E-05,3.44E-05,-1.13E-06,,,-20.22,-20.22,-20.34,422
-1.98E+04,-3.67E+04,747.6,,-1.98E-05,-3.67E-05,6.84E-07,,,-19.74,-19.74,-19.85,421.9
4.15E+04,-661.7,839.4,,4.16E-05,-6.64E-07,7.91E-07,,,-19.25,-19.25,-19.36,421.7
-1.87E+04,3.68E+04,2840,,-1.87E-05,3.68E-05,2.81E-06,,,-18.77,-18.77,-18.88,421.6
-2.31E+04,-3.38E+04,4475,,-2.31E-05,-3.38E-05,4.49E-06,,,-18.28,-18.28,-18.38,421.4
4.07E+04,-3616,2939,,4.07E-05,-3.62E-06,2.95E-06,,,-17.79,-17.79,-17.89,421.3
-1.70E+04,3.69E+04,3284,,-1.70E-05,3.69E-05,3.32E-06,,,-17.3,-17.3,-17.4,421.1
-2.28E+04,-3.32E+04,4972,,-2.27E-05,-3.31E-05,4.97E-06,,,-16.81,-16.81,-16.91,421
4.00E+04,-2200,4756,,4.00E-05,-2.18E-06,4.75E-06,,,-16.31,-16.31,-16.41,420.8
-1.88E+04,3.48E+04,6275,,-1.88E-05,3.48E-05,6.28E-06,,,-15.82,-15.82,-15.92,420.7
-1.89E+04,-3.42E+04,8007,,-1.89E-05,-3.41E-05,7.98E-06,,,-15.33,-15.33,-15.42,420.5
3.88E+04,2735,7474,,3.88E-05,2.74E-06,7.48E-06,,,-14.83,-14.83,-14.92,420.4
-2.32E+04,3.06E+04,9046,,-2.32E-05,3.06E-05,9.04E-06,,,-14.34,-14.34,-14.42,420.2
-1.20E+04,-3.58E+04,1.04E+04,,-1.20E-05,-3.58E-05,1.04E-05,,,-13.84,-13.84,-13.92,420.1
3.64E+04,1.04E+04,9197,,3.64E-05,1.04E-05,9.22E-06,,,-13.34,-13.34,-13.43,420
-2.90E+04,2.37E+04,9958,,-2.90E-05,2.36E-05,9.98E-06,,,-12.85,-12.85,-12.92,419.8
-1697,-3.70E+04,1.06E+04,,-1.74E-06,-3.70E-05,1.06E-05,,,-12.35,-12.35,-12.42,419.7
3.07E+04,2.05E+04,1.02E+04,,3.06E-05,2.04E-05,1.02E-05,,,-11.85,-11.85,-11.92,419.6
-3.39E+04,1.22E+04,1.21E+04,,-3.40E-05,1.22E-05,1.21E-05,,,-11.35,-11.35,-11.42,419.4
1.13E+04,-3.38E+04,1.26E+04,,1.13E-05,-3.38E-05,1.26E-05,,,-10.85,-10.85,-10.92,419.3
1.99E+04,2.94E+04,1.23E+04,,1.99E-05,2.94E-05,1.22E-05,,,-10.35,-10.35,-10.41,419.2
-3.44E+04,-2621,1.42E+04,,-3.44E-05,-2.66E-06,1.42E-05,,,-9.846,-9.846,-9.907,419.1
2.38E+04,-2.46E+04,1.43E+04,,2.38E-05,-2.46E-05,1.43E-05,,,-9.344,-9.344,-9.402,419
4462,3.36E+04,1.45E+04,,4.50E-06,3.36E-05,1.45E-05,,,-8.842,-8.842,-8.897,418.9
-2.79E+04,-1.77E+04,1.59E+04,,-2.79E-05,-1.77E-05,1.58E-05,,,-8.339,-8.339,-8.391,418.7
3.19E+04,-9561,1.48E+04,,3.20E-05,-9.57E-06,1.47E-05,,,-7.835,-7.835,-7.884,418.6
-1.31E+04,3.02E+04,1.52E+04,,-1.31E-05,3.02E-05,1.52E-05,,,-7.332,-7.332,-7.377,418.5
-1.32E+04,-2.93E+04,1.63E+04,,-1.32E-05,-2.93E-05,1.63E-05,,,-6.828,-6.828,-6.87,418.4
3.08E+04,9719,1.54E+04,,3.09E-05,9.72E-06,1.54E-05,,,-6.323,-6.323,-6.363,418.3
-2.72E+04,1.63E+04,1.62E+04,,-2.72E-05,1.63E-05,1.62E-05,,,-5.818,-5.818,-5.855,418.2
7262,-3.06E+04,1.62E+04,,7.25E-06,-3.06E-05,1.62E-05,,,-5.313,-5.313,-5.347,418.1
1.75E+04,2.62E+04,1.57E+04,,1.75E-05,2.62E-05,1.57E-05,,,-4.808,-4.808,-4.838,418
-3.00E+04,-5249,1.73E+04,,-2.99E-05,-5.23E-06,1.73E-05,,,-4.302,-4.302,-4.329,417.9
2.49E+04,-1.75E+04,1.69E+04,,2.49E-05,-1.75E-05,1.69E-05,,,-3.796,-3.796,-3.82,417.8
-4401,2.99E+04,1.69E+04,,-4.37E-06,2.99E-05,1.69E-05,,,-3.29,-3.29,-3.311,417.8
-1.72E+04,-2.39E+04,1.79E+04,,-1.72E-05,-2.39E-05,1.79E-05,,,-2.784,-2.784,-2.802,417.7
2.93E+04,5136,1.71E+04,,2.93E-05,5.15E-06,1.71E-05,,,-2.278,-2.278,-2.292,417.6
-2.37E+04,1.67E+04,1.80E+04,,-2.37E-05,1.67E-05,1.80E-05,,,-1.771,-1.771,-1.783,417.5
6079,-2.80E+04,1.83E+04,,6.04E-06,-2.80E-05,1.83E-05,,,-1.265,-1.265,-1.273,417.4
1.54E+04,2.45E+04,1.75E+04,,1.54E-05,2.45E-05,1.75E-05,,,-0.7582,-0.7582,-0.763,417.4
-2.72E+04,-7253,1.84E+04,,-2.72E-05,-7.27E-06,1.84E-05,,,-0.2515,-0.2515,-0.2531,417.3
2.56E+04,-1.27E+04,1.76E+04,,2.55E-05,-1.27E-05,1.76E-05,,,0.2552,0.2552,0.2568,417.2
-9831,2.65E+04,1.78E+04,,-9.82E-06,2.65E-05,1.78E-05,,,0.7619,0.7619,0.7667,417.2
-9608,-2.60E+04,1.84E+04,,-9.63E-06,-2.60E-05,1.84E-05,,,1.269,1.269,1.277,417.1
2.50E+04,1.34E+04,1.72E+04,,2.50E-05,1.34E-05,1.72E-05,,,1.775,1.775,1.786,417.1
-2.72E+04,6336,1.77E+04,,-2.72E-05,6.36E-06,1.77E-05,,,2.282,2.282,2.296,417
1.74E+04,-2.21E+04,1.71E+04,,1.74E-05,-2.21E-05,1.72E-05,,,2.788,2.788,2.806,417
1279,2.82E+04,1.67E+04,,1.31E-06,2.83E-05,1.67E-05,,,3.295,3.295,3.315,416.9
-1.83E+04,-2.08E+04,1.75E+04,,-1.82E-05,-2.08E-05,1.75E-05,,,3.801,3.801,3.825,416.9
2.80E+04,4875,1.62E+04,,2.80E-05,4.88E-06,1.62E-05,,,4.307,4.307,4.334,416.8
-2.46E+04,1.38E+04,1.64E+04,,-2.46E-05,1.38E-05,1.64E-05,,,4.812,4.812,4.843,416.8
1.17E+04,-2.58E+04,1.60E+04,,1.17E-05,-2.58E-05,1.60E-05,,,5.318,5.318,5.351,416.7
6870,2.78E+04,1.53E+04,,6.84E-06,2.78E-05,1.53E-05,,,5.823,5.823,5.86,416.7
-2.17E+04,-1.79E+04,1.62E+04,,-2.17E-05,-1.79E-05,1.62E-05,,,6.328,6.328,6.368,416.7
2.88E+04,1663,1.47E+04,,2.88E-05,1.63E-06,1.47E-05,,,6.833,6.833,6.876,416.6
-2.40E+04,1.59E+04,1.48E+04,,-2.40E-05,1.59E-05,1.48E-05,,,7.337,7.337,7.383,416.6
1.10E+04,-2.68E+04,1.44E+04,,1.10E-05,-2.68E-05,1.44E-05,,,7.841,7.841,7.89,416.6
6773,2.85E+04,1.35E+04,,6.77E-06,2.85E-05,1.36E-05,,,8.345,8.345,8.397,416.6
-2.13E+04,-1.95E+04,1.44E+04,,-2.14E-05,-1.96E-05,1.44E-05,,,8.848,8.848,8.903,416.6
2.93E+04,4422,1.28E+04,,2.93E-05,4.40E-06,1.28E-05,,,9.351,9.351,9.409,416.5
-2.66E+04,1.28E+04,1.30E+04,,-2.66E-05,1.27E-05,1.30E-05,,,9.853,9.853,9.914,416.5
1.60E+04,-2.52E+04,1.23E+04,,1.60E-05,-2.52E-05,1.23E-05,,,10.36,10.36,10.42,416.5
334.9,3.02E+04,1.15E+04,,3.30E-07,3.02E-05,1.15E-05,,,10.86,10.86,10.92,416.5
-1.59E+04,-2.54E+04,1.22E+04,,-1.59E-05,-2.53E-05,1.22E-05,,,11.36,11.36,11.43,416.5
2.74E+04,1.36E+04,1.06E+04,,2.74E-05,1.36E-05,1.06E-05,,,11.86,11.86,11.93,416.5
-3.03E+04,2614,1.10E+04,,-3.03E-05,2.62E-06,1.10E-05,,,12.36,12.36,12.43,416.5
2.54E+04,-1.75E+04,9766,,2.54E-05,-1.75E-05,9.74E-06,,,12.86,12.86,12.93,416.5
-1.31E+04,2.82E+04,9312,,-1.31E-05,2.81E-05,9.32E-06,,,13.35,13.35,13.44,416.5
-1996,-3.10E+04,9512,,-1.94E-06,-3.10E-05,9.49E-06,,,13.85,13.85,13.94,416.5
1.71E+04,2.65E+04,8097,,1.71E-05,2.65E-05,8.08E-06,,,14.35,14.35,14.44,416.5
-2.75E+04,-1.52E+04,8756,,-2.75E-05,-1.52E-05,8.73E-06,,,14.84,14.84,14.93,416.6
3.19E+04,789.3,6932,,3.19E-05,7.95E-07,6.92E-06,,,15.34,15.34,15.43,416.6
-2.87E+04,1.40E+04,7101,,-2.87E-05,1.40E-05,7.09E-06,,,15.83,15.83,15.93,416.6
1.97E+04,-2.54E+04,6323,,1.97E-05,-2.54E-05,6.30E-06,,,16.33,16.33,16.43,416.6
-6349,3.17E+04,5542,,-6.34E-06,3.17E-05,5.52E-06,,,16.82,16.82,16.92,416.6
-7811,-3.14E+04,5766,,-7.81E-06,-3.14E-05,5.73E-06,,,17.31,17.31,17.42,416.7
2.07E+04,2.54E+04,3888,,2.07E-05,2.54E-05,3.88E-06,,,17.8,17.8,17.91,416.7
-2.93E+04,-1.46E+04,4419,,-2.93E-05,-1.46E-05,4.41E-06,,,18.29,18.29,18.4,416.7
3.30E+04,1497,2521,,3.30E-05,1.50E-06,2.50E-06,,,18.78,18.78,18.89,416.8
-3.09E+04,1.18E+04,2779,,-3.09E-05,1.18E-05,2.76E-06,,,19.27,19.27,19.38,416.8
2.41E+04,-2.30E+04,1678,,2.41E-05,-2.30E-05,1.70E-06,,,19.76,19.76,19.87,416.8
-1.36E+04,3.05E+04,808.3,,-1.35E-05,3.05E-05,8.17E-07,,,20.24,20.24,20.36,416.9
1295,-3.35E+04,522.7,,1.32E-06,-3.35E-05,5.28E-07,,,20.73,20.73,20.85,416.9
1.09E+04,3.17E+04,-1247,,1.09E-05,3.17E-05,-1.21E-06,,,21.21,21.21,21.33,417
-2.15E+04,-2.59E+04,-697.7,,-2.15E-05,-2.59E-05,-6.97E-07,,,21.69,21.69,21.82,417
2.91E+04,1.69E+04,-2648,,2.91E-05,1.70E-05,-2.65E-06,,,22.17,22.17,22.3,417
-3.32E+04,-6288,-1980,,-3.32E-05,-6.30E-06,-1.97E-06,,,22.65,22.65,22.78,417.1
3.34E+04,-4919,-3752,,3.34E-05,-4.88E-06,-3.75E-06,,,23.13,23.13,23.26,417.1
-3.03E+04,1.52E+04,-3693,,-3.03E-05,1.52E-05,-3.69E-06,,,23.61,23.61,23.74,417.2
2.40E+04,-2.38E+04,-4705,,2.40E-05,-2.38E-05,-4.72E-06,,,24.08,24.08,24.22,417.3
-1.60E+04,2.98E+04,-5312,,-1.60E-05,2.99E-05,-5.32E-06,,,24.55,24.55,24.69,417.3
6526,-3.33E+04,-5460,,6.50E-06,-3.33E-05,-5.46E-06,,,25.03,25.03,25.16,417.4
2836,3.37E+04,-6958,,2.82E-06,3.37E-05,-6.96E-06,,,25.5,25.5,25.64,417.4
-1.21E+04,-3.17E+04,-6760,,-1.21E-05,-3.17E-05,-6.76E-06,,,25.97,25.97,26.11,417.5
1.96E+04,2.72E+04,-8904,,1.96E-05,2.72E-05,-8.89E-06,,,26.43,26.43,26.58,417.6
-2.61E+04,-2.14E+04,-8421,,-2.61E-05,-2.15E-05,-8.42E-06,,,26.9,26.9,27.04,417.6
3.01E+04,1.42E+04,-1.05E+04,,3.01E-05,1.42E-05,-1.05E-05,,,27.36,27.36,27.51,417.7
-3.28E+04,-7021,-9898,,-3.28E-05,-7.04E-06,-9.88E-06,,,27.82,27.82,27.97,417.8
3.31E+04,-705,-1.17E+04,,3.31E-05,-7.23E-07,-1.17E-05,,,28.28,28.28,28.43,417.8
-3.24E+04,7506,-1.14E+04,,-3.24E-05,7.48E-06,-1.15E-05,,,28.74,28.74,28.89,417.9
2.97E+04,-1.43E+04,-1.28E+04,,2.97E-05,-1.43E-05,-1.29E-05,,,29.2,29.2,29.35,418
-2.66E+04,1.95E+04,-1.29E+04,,-2.66E-05,1.95E-05,-1.30E-05,,,29.65,29.65,29.81,418
2.18E+04,-2.44E+04,-1.38E+04,,2.18E-05,-2.44E-05,-1.38E-05,,,30.1,30.1,30.26,418.1
-1.74E+04,2.75E+04,-1.45E+04,,-1.75E-05,2.75E-05,-1.45E-05,,,30.55,30.55,30.71,418.2
1.19E+04,-3.01E+04,-1.50E+04,,1.18E-05,-3.02E-05,-1.50E-05,,,31,31,31.16,418.3
-7314,3.10E+04,-1.63E+04,,-7.32E-06,3.10E-05,-1.63E-05,,,31.44,31.44,31.6,418.3
1923,-3.18E+04,-1.65E+04,,1.91E-06,-3.18E-05,-1.65E-05,,,31.89,31.89,32.05,418.4
2080,3.11E+04,-1.80E+04,,2.06E-06,3.11E-05,-1.80E-05,,,32.33,32.33,32.49,418.5
-6814,-3.07E+04,-1.77E+04,,-6.82E-06,-3.07E-05,-1.77E-05,,,32.76,32.76,32.93,418.6
9975,2.90E+04,-1.92E+04,,9.98E-06,2.90E-05,-1.92E-05,,,33.2,33.2,33.36,418.6
-1.39E+04,-2.78E+04,-1.87E+04,,-1.39E-05,-2.78E-05,-1.87E-05,,,33.63,33.63,33.8,418.7
1.61E+04,2.54E+04,-2.06E+04,,1.61E-05,2.54E-05,-2.05E-05,,,34.06,34.06,34.23,418.8
-1.91E+04,-2.37E+04,-2.02E+04,,-1.91E-05,-2.37E-05,-2.01E-05,,,34.49,34.49,34.66,418.9
2.02E+04,2.10E+04,-2.21E+04,,2.02E-05,2.10E-05,-2.21E-05,,,34.91,34.91,35.08,419
-2.24E+04,-1.94E+04,-2.16E+04,,-2.23E-05,-1.95E-05,-2.16E-05,,,35.33,35.33,35.5,419
2.27E+04,1.70E+04,-2.33E+04,,2.28E-05,1.70E-05,-2.33E-05,,,35.75,35.75,35.92,419.1
-2.43E+04,-1.59E+04,-2.27E+04,,-2.43E-05,-1.59E-05,-2.27E-05,,,36.17,36.17,36.34,419.2
2.42E+04,1.36E+04,-2.44E+04,,2.43E-05,1.36E-05,-2.44E-05,,,36.58,36.58,36.75,419.3
-2.54E+04,-1.26E+04,-2.39E+04,,-2.53E-05,-1.26E-05,-2.39E-05,,,36.99,36.99,37.16,419.4
2.47E+04,1.05E+04,-2.56E+04,,2.47E-05,1.05E-05,-2.56E-05,,,37.39,37.39,37.57,419.4
-2.55E+04,-9920,-2.52E+04,,-2.55E-05,-9.91E-06,-2.52E-05,,,37.8,37.8,37.97,419.5
2.45E+04,8435,-2.68E+04,,2.45E-05,8.44E-06,-2.68E-05,,,38.19,38.19,38.37,419.6
-2.51E+04,-8474,-2.63E+04,,-2.51E-05,-8.50E-06,-2.63E-05,,,38.59,38.59,38.77,419.7
2.40E+04,7320,-2.78E+04,,2.40E-05,7.31E-06,-2.78E-05,,,38.98,38.98,39.16,419.8
-2.46E+04,-7551,-2.74E+04,,-2.45E-05,-7.57E-06,-2.74E-05,,,39.37,39.37,39.54,419.9
2.32E+04,6527,-2.89E+04,,2.32E-05,6.51E-06,-2.89E-05,,,39.75,39.75,39.93,419.9
-2.36E+04,-7101,-2.86E+04,,-2.36E-05,-7.12E-06,-2.86E-05,,,40.13,40.13,40.31,420
2.20E+04,6541,-3.00E+04,,2.20E-05,6.55E-06,-3.00E-05,,,40.51,40.51,40.69,420.1
-2.23E+04,-7641,-2.96E+04,,-2.23E-05,-7.63E-06,-2.96E-05,,,40.88,40.88,41.06,420.2
2.07E+04,7349,-3.09E+04,,2.07E-05,7.33E-06,-3.09E-05,,,41.25,41.25,41.42,420.3
-2.10E+04,-8492,-3.05E+04,,-2.11E-05,-8.51E-06,-3.05E-05,,,41.61,41.61,41.79,420.3
1.92E+04,8100,-3.19E+04,,1.92E-05,8.05E-06,-3.19E-05,,,41.97,41.97,42.15,420.4
-1.93E+04,-9348,-3.16E+04,,-1.93E-05,-9.36E-06,-3.16E-05,,,42.32,42.32,42.5,420.5
1.73E+04,9221,-3.29E+04,,1.72E-05,9.20E-06,-3.29E-05,,,42.67,42.67,42.85,420.6
-1.73E+04,-1.08E+04,-3.25E+04,,-1.73E-05,-1.09E-05,-3.25E-05,,,43.01,43.01,43.19,420.6
1.51E+04,1.07E+04,-3.37E+04,,1.51E-05,1.07E-05,-3.37E-05,,,43.35,43.35,43.53,420.7
-1.51E+04,-1.21E+04,-3.33E+04,,-1.51E-05,-1.21E-05,-3.33E-05,,,43.69,43.69,43.87,420.8
1.27E+04,1.17E+04,-3.45E+04,,1.27E-05,1.17E-05,-3.45E-05,,,44.02,44.02,44.2,420.9
-1.24E+04,-1.30E+04,-3.43E+04,,-1.23E-05,-1.30E-05,-3.43E-05,,,44.34,44.34,44.52,420.9
9729,1.26E+04,-3.53E+04,,9.75E-06,1.26E-05,-3.53E-05,,,44.66,44.66,44.84,421
-9382,-1.39E+04,-3.50E+04,,-9.37E-06,-1.40E-05,-3.50E-05,,,44.97,44.97,45.15,421.1
6743,1.33E+04,-3.59E+04,,6.74E-06,1.33E-05,-3.59E-05,,,45.28,45.28,45.46,421.1
-6394,-1.42E+04,-3.57E+04,,-6.40E-06,-1.42E-05,-3.57E-05,,,45.58,45.58,45.76,421.2
3657,1.31E+04,-3.66E+04,,3.65E-06,1.31E-05,-3.66E-05,,,45.88,45.88,46.06,421.3
-3259,-1.37E+04,-3.65E+04,,-3.25E-06,-1.37E-05,-3.65E-05,,,46.17,46.17,46.35,421.3
520.6,1.24E+04,-3.72E+04,,5.36E-07,1.24E-05,-3.72E-05,,,46.45,46.45,46.63,421.4
-320.2,-1.29E+04,-3.71E+04,,-3.10E-07,-1.29E-05,-3.71E-05,,,46.73,46.73,46.91,421.5
-2160,1.13E+04,-3.76E+04,,-2.15E-06,1.13E-05,-3.76E-05,,,47,47,47.18,421.5
2061,-1.13E+04,-3.77E+04,,2.06E-06,-1.13E-05,-3.77E-05,,,47.26,47.26,47.44,421.6
-4324,9299,-3.81E+04,,-4.32E-06,9.30E-06,-3.81E-05,,,47.52,47.52,47.7,421.7
3962,-9064,-3.83E+04,,3.98E-06,-9.07E-06,-3.83E-05,,,47.77,47.77,47.95,421.7
-5904,7033,-3.86E+04,,-5.88E-06,7.05E-06,-3.86E-05,,,48.02,48.02,48.2,421.8
5065,-6866,-3.88E+04,,5.10E-06,-6.85E-06,-3.88E-05,,,48.25,48.25,48.43,421.8
-6516,4755,-3.90E+04,,-6.46E-06,4.76E-06,-3.90E-05,,,48.48,48.48,48.66,421.9
5204,-4451,-3.93E+04,,5.23E-06,-4.46E-06,-3.93E-05,,,48.71,48.71,48.89,421.9
-6307,2269,-3.94E+04,,-6.30E-06,2.27E-06,-3.94E-05,,,48.92,48.92,49.1,422
4665,-2163,-3.97E+04,,4.69E-06,-2.17E-06,-3.97E-05,,,49.13,49.13,49.31,422
-5446,383.2,-3.97E+04,,-5.43E-06,3.75E-07,-3.97E-05,,,49.33,49.33,49.51,422.1
3434,-712.6,-4.00E+04,,3.44E-06,-7.24E-07,-4.00E-05,,,49.52,49.52,49.7,422.1
-3921,-778.3,-4.00E+04,,-3.93E-06,-8.04E-07,-4.00E-05,,,49.71,49.71,49.89,422.2
1725,205.5,-4.03E+04,,1.72E-06,1.87E-07,-4.03E-05,,,49.89,49.89,50.06,422.2
-2192,-1396,-4.03E+04,,-2.16E-06,-1.43E-06,-4.03E-05,,,50.06,50.06,50.23,422.2
57.82,376.2,-4.04E+04,,9.10E-08,3.59E-07,-4.05E-05,,,50.22,50.22,50.39,422.3
-660.3,-1127,-4.05E+04,,-6.05E-07,-1.13E-06,-4.05E-05,,,50.37,50.37,50.55,422.3
-1258,-108,-4.06E+04,,-1.23E-06,-1.16E-07,-4.06E-05,,,50.51,50.51,50.69,422.3
300.1,-573.7,-4.06E+04,,3.10E-07,-6.03E-07,-4.07E-05,,,50.65,50.65,50.83,422.4
-1806,-856.6,-4.07E+04,,-1.83E-06,-8.47E-07,-4.07E-05,,,50.78,50.78,50.95,422.4
456.6,425.4,-4.08E+04,,4.49E-07,4.70E-07,-4.08E-05,,,50.89,50.89,51.07,422.4
-1668,-2111,-4.08E+04,,-1.68E-06,-2.07E-06,-4.08E-05,,,51,51,51.18,422.4
121.1,1893,-4.09E+04,,1.23E-07,1.93E-06,-4.09E-05,,,51.1,51.1,51.28,422.5
-1184,-3575,-4.08E+04,,-1.18E-06,-3.57E-06,-4.08E-05,,,51.2,51.2,51.37,422.5
-568.3,3105,-4.09E+04,,-5.86E-07,3.09E-06,-4.09E-05,,,51.28,51.28,51.46,422.5
-203.2,-4467,-4.09E+04,,-2.26E-07,-4.47E-06,-4.09E-05,,,51.35,51.35,51.53,422.5
-1874,3787,-4.10E+04,,-1.88E-06,3.79E-06,-4.10E-05,,,51.42,51.42,51.6,422.5
1353,-5067,-4.09E+04,,1.37E-06,-5.04E-06,-4.09E-05,,,51.48,51.48,51.65,422.6
-3565,4259,-4.10E+04,,-3.53E-06,4.30E-06,-4.10E-05,,,51.52,51.52,51.7,422.6
3097,-5220,-4.10E+04,,3.12E-06,-5.18E-06,-4.09E-05,,,51.56,51.56,51.74,422.6
-5348,3903,-4.09E+04,,-5.32E-06,3.93E-06,-4.09E-05,,,51.59,51.59,51.76,422.6
4922,-4336,-4.10E+04,,4.96E-06,-4.31E-06,-4.10E-05,,,51.61,51.61,51.78,422.6
-7172,2606,-4.09E+04,,-7.15E-06,2.62E-06,-4.09E-05,,,51.62,51.62,51.79,422.6
6625,-2749,-4.10E+04,,6.63E-06,-2.77E-06,-4.10E-05,,,51.62,51.62,51.79,422.6
-8608,732.7,-4.08E+04,,-8.61E-06,7.51E-07,-4.08E-05,,,51.61,51.61,51.79,422.6
7692,-479.4,-4.11E+04,,7.71E-06,-4.59E-07,-4.10E-05,,,51.59,51.59,51.77,422.6
-9262,-1992,-4.08E+04,,-9.25E-06,-2.01E-06,-4.07E-05,,,51.57,51.57,51.74,422.6
7913,2626,-4.11E+04,,7.91E-06,2.61E-06,-4.11E-05,,,51.53,51.53,51.71,422.6
-8987,-5257,-4.07E+04,,-8.95E-06,-5.29E-06,-4.06E-05,,,51.49,51.49,51.66,422.6
7047,5870,-4.10E+04,,7.05E-06,5.85E-06,-4.10E-05,,,51.43,51.43,51.61,422.5
-7431,-8399,-4.06E+04,,-7.41E-06,-8.42E-06,-4.05E-05,,,51.37,51.37,51.54,422.5
4784,8895,-4.09E+04,,4.79E-06,8.89E-06,-4.09E-05,,,51.3,51.3,51.47,422.5
-4498,-1.12E+04,-4.04E+04,,-4.52E-06,-1.12E-05,-4.04E-05,,,51.21,51.21,51.39,422.5
1267,1.13E+04,-4.07E+04,,1.26E-06,1.13E-05,-4.07E-05,,,51.12,51.12,51.3,422.5
-446,-1.30E+04,-4.02E+04,,-4.31E-07,-1.30E-05,-4.02E-05,,,51.02,51.02,51.2,422.5
-3234,1.23E+04,-4.04E+04,,-3.22E-06,1.23E-05,-4.04E-05,,,50.92,50.92,51.09,422.4
4412,-1.30E+04,-4.01E+04,,4.42E-06,-1.30E-05,-4.01E-05,,,50.8,50.8,50.98,422.4
-8246,1.13E+04,-4.01E+04,,-8.21E-06,1.13E-05,-4.01E-05,,,50.67,50.67,50.85,422.4
9346,-1.10E+04,-4.00E+04,,9.37E-06,-1.10E-05,-4.00E-05,,,50.54,50.54,50.72,422.3
-1.28E+04,8185,-3.97E+04,,-1.28E-05,8.20E-06,-3.97E-05,,,50.4,50.4,50.58,422.3
1.33E+04,-6735,-3.99E+04,,1.33E-05,-6.72E-06,-3.99E-05,,,50.25,50.25,50.42,422.3
-1.60E+04,2806,-3.94E+04,,-1.60E-05,2.84E-06,-3.94E-05,,,50.09,50.09,50.27,422.2
1.54E+04,-442.2,-3.98E+04,,1.54E-05,-4.12E-07,-3.98E-05,,,49.92,49.92,50.1,422.2
-1.67E+04,-4000,-3.91E+04,,-1.67E-05,-4.00E-06,-3.91E-05,,,49.75,49.75,49.92,422.2
1.45E+04,6653,-3.96E+04,,1.45E-05,6.65E-06,-3.96E-05,,,49.56,49.56,49.74,422.1
-1.41E+04,-1.12E+04,-3.88E+04,,-1.41E-05,-1.12E-05,-3.88E-05,,,49.37,49.37,49.55,422.1
1.02E+04,1.34E+04,-3.93E+04,,1.03E-05,1.34E-05,-3.93E-05,,,49.17,49.17,49.35,422
-8124,-1.70E+04,-3.84E+04,,-8.12E-06,-1.70E-05,-3.84E-05,,,48.97,48.97,49.14,422
2788,1.79E+04,-3.88E+04,,2.81E-06,1.79E-05,-3.88E-05,,,48.75,48.75,48.93,421.9
525.7,-1.97E+04,-3.80E+04,,5.30E-07,-1.97E-05,-3.80E-05,,,48.53,48.53,48.71,421.9
-6569,1.85E+04,-3.81E+04,,-6.56E-06,1.85E-05,-3.81E-05,,,48.3,48.3,48.48,421.8
1.01E+04,-1.77E+04,-3.77E+04,,1.01E-05,-1.77E-05,-3.77E-05,,,48.07,48.07,48.24,421.8
-1.57E+04,1.38E+04,-3.74E+04,,-1.57E-05,1.38E-05,-3.74E-05,,,47.82,47.82,48,421.7
1.80E+04,-1.05E+04,-3.74E+04,,1.80E-05,-1.05E-05,-3.75E-05,,,47.57,47.57,47.75,421.7
-2.15E+04,4462,-3.68E+04,,-2.16E-05,4.48E-06,-3.68E-05,,,47.32,47.32,47.5,421.6
2.12E+04,529.9,-3.73E+04,,2.11E-05,5.36E-07,-3.72E-05,,,47.05,47.05,47.23,421.5
-2.15E+04,-7661,-3.63E+04,,-2.15E-05,-7.66E-06,-3.62E-05,,,46.78,46.78,46.96,421.5
1.76E+04,1.28E+04,-3.69E+04,,1.76E-05,1.28E-05,-3.69E-05,,,46.51,46.51,46.69,421.4
-1.44E+04,-1.88E+04,-3.57E+04,,-1.44E-05,-1.88E-05,-3.57E-05,,,46.22,46.22,46.4,421.4
7226,2.16E+04,-3.62E+04,,7.23E-06,2.16E-05,-3.62E-05,,,45.94,45.94,46.12,421.3
-1292,-2.43E+04,-3.52E+04,,-1.32E-06,-2.43E-05,-3.52E-05,,,45.64,45.64,45.82,421.2
-7410,2.30E+04,-3.52E+04,,-7.44E-06,2.30E-05,-3.53E-05,,,45.34,45.34,45.52,421.2
1.35E+04,-2.10E+04,-3.46E+04,,1.35E-05,-2.10E-05,-3.46E-05,,,45.03,45.03,45.21,421.1
-2.07E+04,1.50E+04,-3.42E+04,,-2.08E-05,1.50E-05,-3.42E-05,,,44.72,44.72,44.9,421
2.38E+04,-8504,-3.44E+04,,2.37E-05,-8.53E-06,-3.44E-05,,,44.4,44.4,44.59,420.9
-2.64E+04,-992.5,-3.34E+04,,-2.65E-05,-1.00E-06,-3.34E-05,,,44.08,44.08,44.26,420.9
2.39E+04,9199,-3.40E+04,,2.38E-05,9.20E-06,-3.40E-05,,,43.75,43.75,43.93,420.8
-2.03E+04,-1.82E+04,-3.26E+04,,-2.03E-05,-1.82E-05,-3.26E-05,,,43.42,43.42,43.6,420.7
1.18E+04,2.35E+04,-3.33E+04,,1.18E-05,2.35E-05,-3.33E-05,,,43.08,43.08,43.26,420.7
-3281,-2.76E+04,-3.20E+04,,-3.31E-06,-2.76E-05,-3.19E-05,,,42.74,42.74,42.92,420.6
